-- phpMyAdmin SQL Dump
-- version 4.4.15.9
-- https://www.phpmyadmin.net
--
-- Host: localhost
-- Generation Time: May 09, 2018 at 07:21 PM
-- Server version: 5.6.37
-- PHP Version: 5.6.31

SET SQL_MODE = "NO_AUTO_VALUE_ON_ZERO";
SET time_zone = "+00:00";


/*!40101 SET @OLD_CHARACTER_SET_CLIENT=@@CHARACTER_SET_CLIENT */;
/*!40101 SET @OLD_CHARACTER_SET_RESULTS=@@CHARACTER_SET_RESULTS */;
/*!40101 SET @OLD_COLLATION_CONNECTION=@@COLLATION_CONNECTION */;
/*!40101 SET NAMES utf8mb4 */;

--
-- Database: `QuanLy`
--

-- --------------------------------------------------------

--
-- Table structure for table `Account`
--

CREATE TABLE IF NOT EXISTS `Account` (
  `Username` varchar(50) CHARACTER SET utf8 COLLATE utf8_unicode_ci NOT NULL,
  `Password` varchar(50) CHARACTER SET utf8 COLLATE utf8_unicode_ci NOT NULL,
  `idAcount` int(11) NOT NULL
) ENGINE=InnoDB AUTO_INCREMENT=4 DEFAULT CHARSET=latin1;

--
-- Dumping data for table `Account`
--

INSERT INTO `Account` (`Username`, `Password`, `idAcount`) VALUES
('Cuong', 'e10adc3949ba59abbe56e057f20f883e', 3);

-- --------------------------------------------------------

--
-- Table structure for table `DuLieuTrang`
--

CREATE TABLE IF NOT EXISTS `DuLieuTrang` (
  `MaLoai` int(11) NOT NULL,
  `TDL` varchar(200) CHARACTER SET utf8 COLLATE utf8_unicode_ci NOT NULL,
  `TDL2` varchar(200) CHARACTER SET utf8 COLLATE utf8_unicode_ci NOT NULL,
  `L1` varchar(200) CHARACTER SET utf8 COLLATE utf8_unicode_ci NOT NULL,
  `L2` varchar(200) CHARACTER SET utf8 COLLATE utf8_unicode_ci NOT NULL,
  `L3` varchar(200) CHARACTER SET utf8 COLLATE utf8_unicode_ci NOT NULL,
  `L4` varchar(200) CHARACTER SET utf8 COLLATE utf8_unicode_ci NOT NULL,
  `L5` varchar(200) CHARACTER SET utf8 COLLATE utf8_unicode_ci NOT NULL,
  `L6` varchar(200) CHARACTER SET utf8 COLLATE utf8_unicode_ci NOT NULL,
  `L7` varchar(200) CHARACTER SET utf8 COLLATE utf8_unicode_ci NOT NULL,
  `L8` varchar(200) CHARACTER SET utf8 COLLATE utf8_unicode_ci NOT NULL,
  `TieuDe` varchar(200) CHARACTER SET utf8 COLLATE utf8_unicode_ci NOT NULL,
  `NDGT` text CHARACTER SET utf8 COLLATE utf8_unicode_ci NOT NULL,
  `TieuDe2` varchar(200) CHARACTER SET utf8 COLLATE utf8_unicode_ci NOT NULL,
  `Li1` varchar(300) CHARACTER SET utf8 COLLATE utf8_unicode_ci NOT NULL,
  `Li2` varchar(300) CHARACTER SET utf8 COLLATE utf8_unicode_ci NOT NULL,
  `Li3` varchar(300) CHARACTER SET utf8 COLLATE utf8_unicode_ci NOT NULL,
  `Li4` varchar(300) CHARACTER SET utf8 COLLATE utf8_unicode_ci NOT NULL
) ENGINE=InnoDB DEFAULT CHARSET=latin1;

--
-- Dumping data for table `DuLieuTrang`
--

INSERT INTO `DuLieuTrang` (`MaLoai`, `TDL`, `TDL2`, `L1`, `L2`, `L3`, `L4`, `L5`, `L6`, `L7`, `L8`, `TieuDe`, `NDGT`, `TieuDe2`, `Li1`, `Li2`, `Li3`, `Li4`) VALUES
(1, 'Search: ', 'Giá:', 'Apple', 'Samsung', 'Sony', 'Tất cả', 'Dưới 3 triệu', 'Từ 4 đến 10 triệu', 'Trên 10 triệu', 'Tất cả', 'Cuộc sống trở nên tiện nghi hơn với điện thoại di động', 'Xuất hiện từ năm 1973, điện thoại di động chính thức được ra mắt trên toàn thế giới và được xem là một bước tiến vĩ đại trong lịch sử công nghệ viễn thông. Ngày nay, những chiếc điện thoại mà chúng ta sử dụng đều có thiết kế nhỏ gọn, khác xa với kiểu dáng cồng kềnh và ít chức năng của những mẫu thuộc thời kỳ sơ khai. Với nhịp sống bận rộn, thiết bị này dần trở thành vật bất ly thân của hầu hết mọi người, bởi vì ngoài chức năng nghe, gọi, nhắn tin, chúng còn là chiếc máy vi tính thu nhỏ trong túi của chúng ta. Những lúc cần thư giãn, điện thoại di động, đặc biệt là điện thoại thông minh sẽ trở thành một người bạn giải trí thú vị với đầy đủ các chức năng như chụp hình, nghe nhạc, xem phim, chơi game, lướt Facebook… Hơn nữa, kiểu dáng thời thượng, quý phái của chúng sẽ thể hiện đẳng cấp và phong cách thời trang của người chủ sở hữu. Sự bùng nổ nhanh chóng của điện thoại thông minh đã kéo theo sự cạnh tranh của nhiều nhà sản xuất . Vì thế, các công ty lớn ngoài việc sản xuất những dòng cao cấp, bên cạnh đó còn cho ra những sản phẩm tầm trung với giá cả hợp lý để mở rộng thị trường đang hái ra tiền này. Tại CellphoneS, bạn có thể tìm thấy cho mình nhiều dòng máy với nhiều tầm giá khác nhau cùng hàng ngàn ưu đãi hấp dẫn.', 'Tại sao chúng ta nên lựa chọn điện thoại thông minh?', 'Kết nối mọi người trở nên gần nhau hơn bất kể khoảng cách địa lý.', 'Công cụ làm việc hữu ích của những người bận rộn: xem tin tức, kiểm tra hộp thư, giao dịch ngân hàng, thanh toán trực tuyến, xem bản đồ, quản lý thời gian…', 'Nơi lưu giữ những khoảnh khắc đáng nhớ trong cuộc sống qua những bức ảnh, video hoặc giọng nói.', 'Giải toả căng thẳng sau những giờ làm việc mệt mỏi hoặc giờ giải lao bằng những ứng dụng game, xem phim hoặc nghe nhạc.'),
(2, 'Search: ', 'Giá:', 'Apple', 'Samsung', 'Huawei', 'Tất cả', 'Dưới 3 triệu', 'Từ 4 đến 10 triệu', 'Trên 10 triệu', 'Tất cả', 'Máy tính bảng – Sự phát triển vượt bậc của ngành công nghệ', 'Máy tính bảng, còn được gọi là tablet, chỉ các thiết bị di động chạy hệ điều hành có kích thước màn hình lớn, từ 7 inch trở lên, thao tác cảm ứng để nhập liệu, có thể kết hợp thêm bàn phím và chuột. Trong hàng chục năm kể từ 1960, máy tính bảng đã được nghiên cứu và phát triển, đến đầu những năm 2000, Microsoft đã cho ra mắt các flagship đầu tiên nhưng không thành công mấy. Đầu năm 2010, Apple rò rỉ hình ảnh của một thiết bị chạy hệ điều hành giống iPhone nhưng có kích thước to đến 9.7 inch, đặt tên cho nó là iPad. Thiết bị được cho là lai giữa điện thoại di động và máy tính xách tay, vì sự phát triển của iPhone, iPod trong nhiều năm trước nên người ta biết đến iPad nhiều hơn. Đến đây người ta mới biết đến máy tính bảng. Sau thời điểm này, một loạt các máy tính bảng được ra đời, thành công nhất là Apple khi chiếm lĩnh gần hết thị trường với iPad qua các năm. Phablet là thiết bị lai giữa điện thoại và máy tính bảng, tính di động cao hơn, mức giá rẻ hơn, vì thế mà các nhà sản xuất cũng phải tung ra các sản phẩm máy tính bảng để cạnh tranh.', 'Tại sao nên mua máy tính bảng?', 'Nhẹ hơn, mỏng hơn laptop, mang theo dễ dàng hơn.', 'Giá tốt khi bạn đang cân nhắc giữa mua một chiếc máy tính bảng thay cho một laptop và một điện thoại chỉ hỗ trợ cho công việc cơ bản. Xu hướng máy tính bảng cũng đang hướng đến phân khúc rẻ hơn, đặc b', 'Công việc chuyên nghiệp, liên quan đến hình ảnh hay đồ họa thì iPad Pro sẽ là lựa chọn hợp lý vì được Apple cải cách cấu hình, chip ram xử lý và màn hình to hơn hẳn các dòng trước.', 'Giải toả căng thẳng sau những giờ làm việc mệt mỏi hoặc giờ giải lao bằng những ứng dụng game, xem phim hoặc nghe nhạc.');

-- --------------------------------------------------------

--
-- Table structure for table `Loai`
--

CREATE TABLE IF NOT EXISTS `Loai` (
  `MaLoai` int(11) NOT NULL,
  `TenLoai` varchar(200) NOT NULL
) ENGINE=InnoDB AUTO_INCREMENT=5 DEFAULT CHARSET=latin1;

--
-- Dumping data for table `Loai`
--

INSERT INTO `Loai` (`MaLoai`, `TenLoai`) VALUES
(1, 'Phone'),
(2, 'Tablet'),
(3, 'Laptop'),
(4, 'Accessory');

-- --------------------------------------------------------

--
-- Table structure for table `QuangCao`
--

CREATE TABLE IF NOT EXISTS `QuangCao` (
  `MaSP` int(11) NOT NULL,
  `MaLoai` int(11) NOT NULL,
  `Anh` varchar(200) CHARACTER SET utf8 COLLATE utf8_unicode_ci NOT NULL,
  `Moi` tinyint(1) NOT NULL,
  `IDQC` int(11) NOT NULL,
  `NoiDungQC` varchar(200) CHARACTER SET utf8 COLLATE utf8_unicode_ci NOT NULL
) ENGINE=InnoDB AUTO_INCREMENT=9 DEFAULT CHARSET=latin1;

--
-- Dumping data for table `QuangCao`
--

INSERT INTO `QuangCao` (`MaSP`, `MaLoai`, `Anh`, `Moi`, `IDQC`, `NoiDungQC`) VALUES
(19, 1, 'quangcao1.png', 1, 1, 'Quảng cáo oppo'),
(35, 1, 'quangcao2.png', 1, 2, 'Huawei nova 3e'),
(27, 1, 'quancaosmt.png', 1, 3, 'Quảng cáo máy tính bảng sam sung'),
(23, 1, 'quangcaoipadpro.png', 1, 4, 'Quảng cáo ipad pro'),
(7, 1, 'quangcaonote8.png', 1, 5, 'Quản cao galaxy note 8'),
(36, 1, 'quangcaonokia6.jpg', 1, 6, 'Quang cao nokia 6'),
(37, 1, 'quangcaooppoa71.png', 1, 7, 'Quảng cáo oppo a71'),
(38, 1, 'QCHuawei-Y7-Pro.png', 1, 8, 'Quảng cáo huawei y7 pro');

-- --------------------------------------------------------

--
-- Table structure for table `SanPham`
--

CREATE TABLE IF NOT EXISTS `SanPham` (
  `MaLoai` int(11) NOT NULL,
  `MaSP` int(11) NOT NULL,
  `TenSP` varchar(200) CHARACTER SET utf8 COLLATE utf8_unicode_ci NOT NULL,
  `Gia` double NOT NULL,
  `Hang` varchar(200) CHARACTER SET utf8 COLLATE utf8_unicode_ci NOT NULL,
  `ManHinh` varchar(200) CHARACTER SET utf8 COLLATE utf8_unicode_ci NOT NULL,
  `HeDieuHanh` varchar(200) CHARACTER SET utf8 COLLATE utf8_unicode_ci NOT NULL,
  `CamSau` varchar(50) CHARACTER SET utf8 COLLATE utf8_unicode_ci NOT NULL,
  `CamTruoc` varchar(50) CHARACTER SET utf32 COLLATE utf32_unicode_ci NOT NULL,
  `CPU` varchar(50) CHARACTER SET utf8 COLLATE utf8_unicode_ci NOT NULL,
  `Ram` int(11) NOT NULL,
  `BoNho` int(11) NOT NULL,
  `ChatLieu` varchar(100) CHARACTER SET utf8 COLLATE utf8_unicode_ci NOT NULL,
  `TrongLuong` int(11) NOT NULL,
  `DungLuongPin` int(11) NOT NULL,
  `Anh` varchar(200) CHARACTER SET utf8 COLLATE utf8_unicode_ci NOT NULL,
  `SoLuong` int(11) NOT NULL,
  `DacDiem` text CHARACTER SET utf8 COLLATE utf8_unicode_ci NOT NULL
) ENGINE=InnoDB AUTO_INCREMENT=39 DEFAULT CHARSET=latin1;

--
-- Dumping data for table `SanPham`
--

INSERT INTO `SanPham` (`MaLoai`, `MaSP`, `TenSP`, `Gia`, `Hang`, `ManHinh`, `HeDieuHanh`, `CamSau`, `CamTruoc`, `CPU`, `Ram`, `BoNho`, `ChatLieu`, `TrongLuong`, `DungLuongPin`, `Anh`, `SoLuong`, `DacDiem`) VALUES
(1, 1, 'iPhone X 256GB', 34790000, 'Apple', 'OLED, 5.8", Super Retina', 'ios 11', '2 camera 12 MP', '7 MP', 'Apple A11 Bionic 6 nhân', 3, 256, 'Khung kim loại + mặt kính cường lực', 174, 2716, 'iphonex.jpg', 10, 'iPhone X được Apple ra mắt ngày 12/9 vừa rồi đánh dấu chặng đường 10 năm lần đầu tiên iPhone ra đời. Sau một thời gian, giá iPhone X cũng được công bố. iPhone X mang trên mình thiết kế hoàn toàn mới với màn hình Super Retina viền cực mỏng và trang bị nhiều công nghệ hiện đại như nhận diện khuôn mặt Face ID, sạc pin nhanh và sạc không dây cùng khả năng chống nước bụi cao cấp. Màn hình iPhone X được phủ kín gần như toàn bộ ở mặt trước và vẫn chừa lại một phần màn hình cho loa, camera và các cảm biến ở phía trên. Còn mặt sau vẫn là chất liệu kính nhé, tiện thể thì iPhone X cũng trang bị chuẩn chống nước IP67. Thay vì sử dụng công nghệ TrueTone HD thì màn hình OLED 5.8 inch của iPhone X được trang bị công nghệ Super Retina cho mật độ điểm ảnh lên tới 458 dpi. Với màn hình tràn viền như này mà không có nút Home thì người dùng sẽ phải vuốt từ dưới lên để mở trình quản lý đa nhiệm. Đi kèm với màn hình chất lượng đó thì chúng ta sẽ có Chip A11 Bionic. Một cái tên gì đó nghe có vẻ rất là "Chất". Và chip này có 6 lõi, cho hiệu suất hoạt động tốt hơn 25% so với A10. Vẫn là vấn đề cũ, không có Touch ID thì mở khóa bằng... mặt. Giờ đây chúng ta đã có Face ID để làm điều đó. Với công nghệ vô cùng đặc biệt này, bạn có thể mở khóa bằng khuôn mặt của mình dù là ngoài trời nắng hay trong bóng đêm, kể cả chưa cạo râu hay mới cắt tóc,... Face ID chấp hết. Theo Apple, Face ID có độ bảo mật còn cao hơn cả Touch ID, đạt tỷ lệ nhận diện sai chỉ là 1 trên 1.000.000 (1 triệu), trong khi Touch ID là 1 trên 50.000. Một tính năng mới đi kèm với Face ID là Animoji vô cùng mới mẻ khi bạn có thể tạo được những emotion chuyển động theo khuôn mặt của bạn một cách rất ngộ nghĩnh và đáng yêu Không chỉ camera trước, mà camera sau của iPhone X cũng nhận được những nâng cấp mạnh mẽ với hệ thống camera kép 12MP kèm theo ống kính góc thường và ống kính tele. Đặc biệt, cả hai camera của iPhone X đều được trang bị công nghệ chống rung quang học, đi cùng với đó là hệ thống đèn Flash LED mới. Tương tự như bộ đôi iPhone 8 và iPhone 8 Plus thì iPhone X cũng được trang bị tính năng sạc không dây. Chúng ta sẽ được thấy một chiếc sạc không dây tới từ Apple có tên là AirPower Với thiết kế cực sang trọng cùng những tính năng hiện đại, iPhone X - phiên bản iPhone kỷ niệm 10 năm ngày ra mắt iPhone nhắm đến phân khúc người dùng cực kỳ cao cấp, việc được sỡ hữu siêu phẩm iPhone X sẽ là niềm tự hào với cộng đồng iFan.'),
(1, 2, 'iPhone 8 Plus 256GB', 28790000, 'Apple', 'LED-backlit IPS LCD, 5.5", Retina HD', 'ios 11', '2 camera 12 MP', '7 MP', 'Apple A11 Bionic 6 nhân', 3, 256, 'Khung kim loại + mặt kích cường lực', 202, 2691, 'iphone8plus.jpg', 5, 'iPhone 8 Plus là bản nâng cấp nhẹ của chiếc iPhone 7 Plus đã ra mắt trước đó với cấu hình mạnh mẽ cùng camera có nhiều cải tiến.\r\nThiết kế quen thuộc\r\nVề ngoại hình iPhone 8 Plus không có quá nhiều khác biệt so với người đàn anh đi trước. Thay đổi lớn nhất chính là Apple đã chuyển từ thiết kế kim loại nguyên khối sang mặt lưng kính nhằm mang tính năng sạc không dây lên 8 Plus. Ngoài ra khả năng chống nước và bụi bẩn tiêu chuẩn IP67 vẫn được duy trì trên máy. iPhone 8 Plus sở hữu màn hình kích thước 5.5 inch độ phân giải Full HD (1080 x 1920 pixels) đem lại khả năng hiển thị sắc nét. Máy vẫn sử dụng tấm nền LED-backlit IPS LCD kết hợp với công nghệ True Tone giúp bạn dễ dàng quan sát với nhiều điều kiện khác nhau. Cung cấp sức mạnh cho iPhone 8 Plus chính là con chip Apple A11 Bionic 6 nhân cùng với 3 GB RAM và 32 GB bộ nhớ trong.'),
(1, 3, 'iPhone 8 256GB', 23790000, 'Apple', 'LED-backlit IPS LCD, 4.7", Retina HD', 'ios 11', '12 MP', '7 MP', 'Apple A11 Bionic 6 nhân', 2, 256, 'Khung kim loại + mặt kính cường lực', 148, 1821, 'iphone8.jpg', 5, 'Theo truyền thống thì tiếp sau chiếc iPhone 7 Apple sẽ cho ra mắt chiếc iPhone 7s nhưng năm nay "táo khuyết" đã tạo ra ngoại lệ khi giới thiệu đến người dùng chiếc iPhone 8 với không nhiều thay đổi về ngoại hình.\r\nThiết kế quen thuộc\r\nĐã 3 năm kể từ khi chiếc iPhone 6 ra mắt thì Apple không có thay đổi nào đáng kể về thiết kế trên các mẫu iPhone.Tuy nhiên không phải vì vậy mà iPhone 8 thua kém các smartphone khác. Máy vẫn cho cảm giác cầm nắm rất tốt cùng các chi tiết được gia công 1 cách cực kỳ tỉ mỉ.Thay đổi lớn nhất trên chiếc iPhone 8 so với các mẫu iPhone gần đây là Apple đã quay trở lại sử dụng mặt lưng kính cho những chiếc iPhone của mình kể từ sau chiếc iPhone 4S đến nay. Điều này giúp iPhone 8 có khả năng sạc không dây tiện dụng, điều mà những chiếc smartphone Android đã có từ khá lâu. Máy vẫn giữ cho mình khả năng kháng nước và bụi bẩn tiêu chuẩn IP67 Màn hình của những chiếc iPhone luôn được người dùng đánh giá rất cao và iPhone 8 vẫn giữ nguyên kích thước 4.7 inch cùng độ phân giải HD (1334 x 750 pixels) như trên chiếc iPhone 7. Apple trang bị thêm cho máy công nghệ True Tone vốn đã xuất hiện từ trước trên những chiếc iPad đem lại khả năng tự động thay đổi màu sắc màn hình trong nhiều môi trường khác nhau.\r\n\r\nNâng cấp camera\r\nCamera chính có độ phân giải 12 MP, khẩu độ f/1.8 cùng rất nhiều cải tiến về hình ảnh, độ sắc nét, tốc độ hay khả năng chụp thiếu sáng.'),
(1, 4, 'Samsung Galaxy S9+', 24990000, 'Samsung', 'Super AMOLED, 6.2", Quad HD+ (2K+)', 'Android 8.0 (Oreo)', '2 camera 12 MP', '8 MP', 'Exynos 9810 8 nhân 64 bit', 6, 128, 'Khung kim loại + mặt kính cường lực', 189, 3500, 'galaxys9plus.jpg', 10, 'Samsung Galaxy S9 Plus 128GB, siêu phẩm smartphone hàng đầu trong thế giới Android đã ra mắt với màn hình vô cực, camera chuyên nghiệp như máy ảnh và hàng loạt những tính năng cao cấp đầy hấp dẫn.\r\nThiết kế hoàn thiện hơn\r\nKhông có một sự lột xác về thiết kế, Samsung Galaxy S9 Plus năm nay chỉ cải tiến một vài điểm thiết kế đã quá hoàn hảo từ thế hệ Galaxy S8 trước đây. Vẫn là khung kim loại kết hợp 2 mặt kính cường lực được bo cong các cạnh đầy "quyến rũ" và hiện đại. "Màn hình vô cực" trên Samsung S9 Plus được làm mỏng hơn ở các cạnh viền cho trải nghiệm sử dụng ấn tượng hơn, kích thước máy thu gọn lại giúp cầm nắm sử dụng thuận tiện. Màn hình siêu nét\r\nĐặc trưng là màn hình lớn nên chiếc Samsung Galaxy S9 Plus sẽ sở hữu màn hình có kích thước 6.2 inch với độ phân giải 2K+ (1440 x 2960 Pixels) cho chất lượng hiển thị siêu sắc nét.\r\n\r\nMáy vẫn sẽ trung thành với tấm nền Super AMOLED và được bảo vệ bởi tấm kính cường lực Corning Gorilla Glass 5 cao cấp. Đột phá công nghệ camera trên smartphone\r\nSamsung Galaxy S9 Plus là chiếc smartphone đầu tiên sở hữu khả năng thay đổi khẩu độ như máy ảnh chuyên nghiệp, phá vỡ giới hạn tồn tại bấy lâu nay. Bạn có thể sử dụng khẩu độ F/1.5 chụp sáng đẹp hơn vào ban đêm hay F/2.4 để chụp rõ nét hơn với ánh sáng ban ngày.'),
(1, 5, 'iPhone 8 Plus 64GB', 21990000, 'Apple', 'LED-backlit IPS LCD, 5.5", Retina HD', 'ios 11', '2 camera 12 MP', '7 MP', 'Apple A11 Bionic 6 nhân', 2, 64, 'Khung kim loại + mặt kính cường lực', 202, 2691, 'iphone8.jpg', 5, 'Thừa hưởng thiết kế đã đạt đến độ chuẩn mực, thế hệ iPhone 8 Plus thay đổi phong cách bóng bẩy hơn và bổ sung hàng loạt tính năng cao cấp cho trải nghiệm sử dụng vô cùng tuyệt vời.Thiết kế từ kính và kim loại\r\niPhone 8 Plus giữ nguyên hoàn toàn những đường nét thiết kế đã hoàn thiện từ thế hệ trước nhưng sử dụng phong cách 2 mặt kính cường lực kết hợp bộ khung kim loại.\r\n\r\niPhone 8 Plus 64GB\r\n\r\nMặt lưng kính bo cong 2.5D thời thượng, khung kim loại được gia cố cứng cáp, bền bỉ hơn với 7 lớp xử lý màu sơn, hạn chế bong tróc.\r\n\r\niPhone 8 Plus 64GB\r\n\r\nThay đổi này đồng thời loại bỏ chi tiết đường anten thừa ở mặt lưng như các thế hệ trước, mang đến vẻ đẹp hoàn hảo hơn.\r\n\r\niPhone 8 Plus 64GB\r\n\r\nCamera kép chuyên nghiệp\r\nKhông có sự thay đổi trong thông số camera, iPhone 8 Plus chủ yếu được tập trung nâng cấp về ống kính, cảm biến, vi xử lý hình ảnh để nâng cao chất lượng ảnh chụp.\r\n\r\nKhả năng zoom quang 2X không thay đổi chất lượng cũng như xóa phông chân dung vẫn được tích hợp trên iPhone 8 Plus cùng với Portrait Lighting, tính năng chụp ảnh sân khấu hoàn toàn mới.\r\n\r\niPhone 8 Plus 64GB\r\n\r\nCamera trước vẫn là độ phân giải 7 MP cùng tính năng chụp chân dung ánh sáng sân khấu đặc biệt.\r\n\r\nChip Apple A11 cùng với thực tế ảo AR\r\nMột trong những điểm nhất quan trọng nhất ở thế hệ iPhone 8 Plus chính là sức mạnh phần cứng, con chip Apple A11 như trên iPhone X cho hiệu năng vượt trội hơn rất nhiều so với trước đây, đặc biệt tối ưu cho 3D và thực tế ảo tăng cường AR, một trải nghiệm hoàn toàn mới mẻ trên smartphone.\r\n\r\niPhone 8 Plus 64GB\r\n\r\nMàn hình hoàn hảo\r\nKích thước màn hình vẫn là 5.5 inch, giữ nguyên độ phân giải Retina HD sắc nét nhưng thế hệ iPhone 8 Plus lại có thêm những cải tiến đáng giá hơn, về độ phủ màu lớn hiển thị màu sắc chính xác hay công nghệ True Tone từ iPad Pro 2017.\r\n\r\niPhone 8 Plus 64GB\r\n\r\nHỗ trợ sạc nhanh, sạc không dây\r\nNhờ thiết kế mặt lưng kính mà iPhone 8 Plus đã có thể tích hợp thêm công nghệ sạc không dây tiên tiến cho sử dụng an toàn và thuận tiện hơn rất nhiều.\r\n\r\nBên cạnh đó, một nâng cấp phải kể đến nữa là khả năng hỗ trợ sạc nhanh đạt 50% chỉ sau 30 phút, tuy nhiên bộ phụ kiện theo kèm máy chưa bao gồm sạc nhanh.\r\n\r\niPhone 8 Plus 64GB\r\n\r\nChuẩn kháng nước, bụi cao cấp\r\nTất nhiên rồi, công nghệ kháng nước, bụi cao cấp tiếp tục được sử dụng trên iPhone 8 Plus để mang đến cho người dùng sự an toàn, yên tâm khi sử dụng trong những điều kiện đặc biệt.'),
(1, 6, 'iPhone 7 Plus 128GB', 22990000, 'Apple', 'LED-backlit IPS LCD, 5.5", Retina HD', 'ios 11', '2 camera 12 MP', '7 MP', 'Apple A10 Fusion 4 nhân 64-bit', 3, 128, 'Hợp kim Nhôm + Magie', 188, 2988, 'iphone7plus.jpg', 5, 'Với thiết kế không quá nhiều thay đổi, vẫn bảo tồn vẻ đẹp truyền thống từ thời iPhone 6 Plus,  iPhone 7 Plus được trang bị nhiều nâng cấp đáng giá như camera kép, đạt chuẩn chống nước chống bụi cùng cấu hình cực mạnh.\r\nDiện mạo mới của iPhone 7 Plus\r\nThay đổi dãy nhựa an-ten bắt sóng được đưa vòng lên trên thay vì cắt ngang ở mặt lưng như trước.\r\n\r\nBút home cảm ứng\r\nNút Home quen thuộc không còn là phím vật lý nữa mà được thay thế bằng cảm ứng, nó sẽ rung lên khi bạn ấn. Vì đã dùng iPhone một thời gian rất dài, nên tôi công nhận rằng hơi khó để làm quen với nó, nhưng có lẽ chỉ mất vài ngày thôi.\r\n\r\nTrang bị chuẩn chống nước cao cấp\r\nCuối cùng chúng ta cũng có được chiếc iPhone vẫn sống khi rơi vào nước hay đi mưa không cần phải loay hoay tìm chỗ cất vì Apple đã mang chuẩn chống nước IP67 cho iphone 7 plus .(Lưu ý: không nên cố tình ngâm nước vì nếu có thiệt hại do vào nước sẽ không được Apple bảo hành).\r\n\r\nMàn hình Retina sáng và sắc nét\r\nMàn hình Retina trên 7 Plus hỗ trợ DCI-P3 gam màu rộng, nghĩa là chúng có khả năng tái tạo màu sắc trong phạm vi của sRGB. Nói đơn giản, chúng có thể hiển thị sống động hơn, sắc thái hình ảnh tốt hơn trước đó. Độ phân giải, mật độ điểm ảnh và kích thước màn hình vẫn giữ nguyên so với iPhone 6s Plus.\r\n\r\nDàn loa stereo\r\nLần đầu tiên iPhone xuất hiện tính năng âm thanh Stereo. Phim ảnh, podcast và các cuộc gọi loa ngoài bây giờ âm thanh rõ ràng hơn rất nhiều. Đó là do Apple đã dùng công nghệ thiết lập loa chứ không phải thiết kế 2 loa ngay trên mặt.\r\n\r\nCamera kép\r\n\r\niPhone 7 Plus là chiếc iPhone đầu tiên được trang bị camera kép, đem lại khả năng chụp ảnh ở hai tiêu cự khác nhau. Camera thông thường vẫn chụp hình góc rộng, còn camera thứ hai có tiêu cự phù hợp để chụp chân dung, có tính năng chụp chân dung xóa phông (làm mờ hậu cảnh). \r\n\r\nVới 1 chạm nhanh chóng bạn có thể chuyển đổi giữa chế độ 1x và zoom 2x, hoặc bạn có thể kéo thanh trượt hay dùng 2 ngón tay đến zoom. Apple đã thêm tính năng zoom kỹ thuật số lên đến 10x.\r\n\r\nMặt lưng bóng bẩy\r\nĐiểm nhấn ấn tượng nhất nằm ở mặt lưng của sản phẩm với hiệu ứng phản chiếu ánh sáng khi thay đổi góc nhìn rất đặc biệt. Hiệu ứng này cũng được áp dụng cho toàn bộ khung máy, từ cạnh trên, cạnh dưới cho đến các nút bấm nên cho cảm giác một thiết bị cực kỳ hoàn thiện, gần như không có bất kỳ một chi tiết thừa nào cả. \r\n\r\nCấu hình cực mạnh\r\n\r\nNgoài trái tim Apple A10 Fusion 4 nhân với hiệu năng cực kì mạnh mẽ và ấn tượng thì iPhone 7 Plus còn được trang bị hệ điều hành mới nhất IOS 10 với nhiều tính năng bất ngờ, và thú vị. Hiện tại, bạn có thể nâng cấp lên IOS 11 mới nhất như trên iPhone X.\r\n\r\n“Táo khuyết” cũng không quên nhấn mạnh iPhone 7 Plus sẽ nhanh hơn iPhone đời đầu tới… 140 lần. Những ai mê chơi game trên di động cũng sẽ “phải lòng” iPhone mới khi có chip xử lý đồ họa được nâng tầm đúng chất “máy chơi game”.\r\n\r\nCamera trước nâng cấp độ phân giải 7MP với khẩu độ mở lớn f/2.2 hỗ trợ chụp trong điều kiệu thiếu sáng tuyệt vời với công nghệ Retina Flash, Auto HDR.'),
(1, 7, 'Samsung Galaxy Note 8', 22490000, 'Samsung', 'Super AMOLED, 6.3", Quad HD+ (2K+)', 'Android 7.1 (Nougat)', '2 camera 12 MP', '8 MP', 'Exynos 8895 8 nhân 64-bit', 6, 64, 'Khung kim loại + mặt kính cường lực', 195, 3300, 'galaxynote8.jpg', 3, 'Galaxy Note 8 là niềm hy vọng vực lại dòng Note danh tiếng của Samsung với diện mạo nam tính, sang trọng. Trang bị camera kép xóa phông thời thượng, màn hình vô cực như trên S8 Plus, bút Spen với nhiều tính năng mới và nhiều công nghệ được Samsung ưu ái đem lên Note 8.\r\n1\r\n\r\nDù được giới thiệu là màn hình lên tới 6.3 inch nhưng thực sự máy khi cầm trên tay rất nhỏ gọn nhờ vào công nghệ "màn hình vô cực" tiên tiến nhất hiện nay của Samsung.\r\n\r\n2\r\n\r\nCác cạnh bên máy được làm cong đều khiến mình khi cầm có cảm giác ôm tay rất thoải mái và không hề bị cấn.\r\n\r\n3\r\n\r\nCả mặt trước và mặt sau máy đều được phủ kín bằng lớp kính phản chiếu rất đẹp như đã từng xuất hiện ở bộ đôi S8/S8+.\r\n\r\n4\r\n\r\nVà màn hình 2K+ trên Note 8 hoạt động tốt, góc nhìn sắc nét.\r\n\r\n❝Điện thoại kiểu dáng nam tính, thiết kế gọn và mỏng hơn những dòng note trước... cảm thấy rất thích thú khi sở hữu chiếc galaxy note 8 này lắm... cám ơn SAMSUNG rất nhiều.❞\r\n\r\nLa Tuấn Huỳnh - Q.5, TP.HCM\r\nĐã mua tại Thế giới di động\r\n5\r\n\r\nGalaxy Note 8 được cài sẵn hệ điều hành Android Nougat đi kèm với giao diện Samsung Experience mới nhất. Theo nhiều người dùng đánh giá thì đây có thể nói là bộ giao diện đẹp và hiệu quả nhất của Samsung tới tận bây giờ.\r\n\r\n6\r\n\r\nVới cấu hình khủng long Exynos 8895 8 nhân và RAM 6 GB, Note 8 hỗ trợ chạy đa nhiệm rất tốt, đáp ứng hầu hết các nhu cầu chơi game 3D nặng.\r\n\r\n7\r\n\r\nCamera kép xóa phông trên Note 8 có thể nói là ... cảm giác như mình đang sử dụng một chiếc máy ảnh thực thụ vậy.\r\n\r\nXem thêm bài đánh giá chi tiết Camera Note 8 tại đây.\r\n\r\n8\r\n\r\nSuýt nữa thì quên không nhắc tới S-Pen thần thánh, chiếc bút đã làm nên thương hiệu của dòng Note.\r\n\r\n9\r\n\r\nNhư thường lệ thì S-Pen sẽ càng ngày càng "khôn" với những tính năng như viết ngay cả khi màn hình đã tắt, live message,... và điều thú vị nữa là S-Pen sẽ có cùng với màu máy luôn. Khỏi sợ đụng hàng nha.\r\n\r\n10\r\n\r\nCuối cùng là pin 3.300 mAh trên Note 8 được cho là đuối hơn so với S8+ nhưng qua một số bài thử nghiệm cho thấy, khả năng trụ vững của Note 8 cũng khá đáng nể, khi vượt qua cả iPhone 7 Plus và Galaxy S8.'),
(1, 8, 'iPhone 8 64GB', 18990000, 'Apple', 'LED-backlit IPS LCD, 4.7", Retina HD', 'ios 11', '12 MP', '7 MP', 'Apple A11 Bionic 6 nhân', 2, 64, 'Khung kim loại + mặt kính cường lực', 148, 1821, 'iphone8.jpg', 6, 'Đặc điểm nổi bật của iPhone 8 64GB\r\n\r\nTìm hiểu thêm\r\nTìm hiểu thêm\r\nTìm hiểu thêm\r\nTìm hiểu thêm\r\nBộ sản phẩm chuẩn: Hộp, Sạc, Tai nghe, Sách hướng dẫn, Jack chuyển tai nghe 3.5mm, Cáp, Cây lấy sim\r\n\r\niPhone 8 64GB nổi bật với điểm nhấn mặt lưng kính kết hợp cạnh viền và mặt trước giữ nguyên thiết kế như iPhone 7, cùng với đó là hàng loạt công nghệ đáng mong đợi như sạc nhanh, không dây hay hỗ trợ thực tế ảo AR.\r\nThay đổi phong cách thiết kế\r\niPhone 8 kết hợp giữa những đường nét đã làm nên chuẩn mực, thương hiệu với sự thời thượng và hiện đại của mặt lưng phủ kính cường lực thay vì nguyên khối kim loại. Điểm thiết kế này mang lại độ bóng bẩy, đẹp mắt hơn cho sản phẩm.\r\n\r\nTrên tay iPhone 8\r\nMặt lưng kính giúp iPhone 8 được tích hợp công nghệ sạc không dây hiện đại mà người dùng mong đợi từ lâu. Ngoài ra còn là lần đầu tiên Apple trang bị công nghệ sạc pin nhanh cho iPhone.\r\n\r\nTrên tay iPhone 8\r\n\r\nPhong cách mới cũng đồng thời loại bỏ hoàn toàn những chi tiết thừa như phần anten trên mặt lưng để đưa thiết kế iPhone 8 đến độ hoàn hảo.\r\n\r\nTrên tay iPhone 8\r\n\r\nMàn hình chất lượng\r\nMặt trước iPhone 8 vẫn sở hữu màn hình 4.7 inch độ phân giải Retina HD nhưng được Apple nâng cấp và gọi bằng cái tên Retina HD True Tone với khả năng hiển thị màu chính xác hơn. Phím home cảm ứng lực 3D Touch tích hợp với cả cảm biến vân tay. \r\n\r\nTrên tay iPhone 8\r\n\r\nNâng cấp camera\r\nCamera chính có độ phân giải 12 MP, khẩu độ F/1.8 cùng rất nhiều cải tiến về hình ảnh, độ sắc nét, tốc độ hay khả năng chụp thiếu sáng. Ngoài ra còn nâng cấp một vài điểm như hỗ trợ quay video 4K @60fps, và nâng tiếp video 240fps lên độ phân giải 1080p.\r\n\r\nTrên tay iPhone 8\r\n\r\nCamera trước vẫn có độ phân giải 7 MP cùng khẩu độ F/2.2 cho hình ảnh chân thực, sắc nét mà không hề quá ảo diệu.\r\n\r\niphone-8-256gb\r\n\r\nCấu hình mạnh mẽ nhất\r\nĐiểm qua cấu hình, iPhone 8 sẽ sử dụng con chip 6 nhân A11 Bionic tương tự như trên iPhone X, chip có sức mạnh cao cấp nhất tính đến thời điểm ra mắt iPhone 8, cùng 2 GB RAM.  \r\n\r\nTrên tay iPhone 8\r\n\r\nKết hợp cùng phiên bản iOS 11, cả iPhone 8 nhấn mạnh vào khả năng trình chiếu thực tế ảo AR mang đến những trải nghiệm hoàn toàn khác biệt so với trước đây.\r\n\r\niphone-8-256gb\r\n\r\nChống nước, bụi cao cấp\r\niPhone 8 không quên tích hợp chuẩn chống nước, bụi cao cấp mang đến sự an toàn, bền bỉ cũng như khả năng sử dụng lâu dài chống chịu nhiều điều kiện thời tiết.'),
(1, 9, 'Samsung Galaxy S9', 19990000, 'Samsung', 'Super AMOLED, 5.8", Quad HD+ (2K+)', 'Android 8.0 (Oreo)', '12 MP', '8 MP', 'Exynos 9810 8 nhân 64 bit', 4, 64, 'Khung kim loại + mặt kính cường lực', 163, 3000, 'galaxys9.jpg', 6, 'Siêu phẩm Samsung Galaxy S9 chính thức ra mắt mang theo hàng loạt cải tiến, tính năng cao cấp như camera thay đổi khẩu độ, quay phim siêu chậm 960 fps, AR Emoji... nhanh chóng gây sốt làng công nghệ.\r\nThiết kế cao cấp, sang trọng\r\nGalaxy S9 vẫn đi theo triết lí thiết kế tương tự như Galaxy S8 với khung viền kim loại cứng cáp cùng mặt lưng kính bóng bẩy bo cong mềm mại. Đặc biệt, phần khung viền của Galaxy S9 được hoàn thiện bằng kim loại nhám giúp bám tay tốt hơn hẳn, chứ không bóng loáng như thời S8.\r\n\r\ngalaxys9tim\r\nĐiểm thay đổi lớn nhất trong phần thiết kế Galaxy S9 đến từ cụm camera và cảm biến vân tay một chạm đằng sau lưng. Samsung đã mang vị trí vân tay xuống dưới camera, tương tự như trên Galaxy A8 và A8+ 2018.\r\n\r\nGalaxy S9\r\n❝Đáng đồng tiền bát gạo không hối hận khi nâng cấp từ S8. Cảm biến vân tay cực nhạy, mở khóa bằng mống mắt kết hợp khuôn mặt cực nhanh, camera xuất sắc.❞\r\n\r\nPhan Xuân Hoàng - TX. Dĩ An, T. Bình Dương\r\nĐã mua tại Thế giới di động\r\nMàn hình vô cực viền mỏng hơn\r\nGalaxy S9 có kích thước màn hình vô cực tỉ lệ 18,5 : 9 và giữ nguyên so với người tiền nhiệm, cụ thể là 5.8 inch. Sử dụng tấm nền Super Amoled như truyền thống trước giờ của các flagship Samsung, độ phân giải 2K+ đi cùng công nghệ hiển thị HDR 10 ấn tượng.\r\n\r\ngalaxys9tim\r\nCamera Galaxy S9 có thể thay đổi tiêu cự\r\nCó thể nói camera chính là yếu tố Samsung nhấn mạnh trên Galaxy S9 lần này, vẫn sở hữu camera chính 12 MP - khẩu độ F/1.5, cải tiến với công nghệ lấy nét Dual Pixel 2.0 mới. Đặc biệt có thể thay đổi khẩu độ tuỳ theo ý thích tương tự như trên các máy DSLR hay Mirrorless.\r\n\r\nĐánh giá Galaxy S9 & S9 Plus\r\n❝Rất đáng đồng tiền bỏ ra các bạn ạ. Mọi thứ rất trơn tru. Camera thì rất đẹp. Không quá ảo. Rất nét.❞\r\n\r\nPha\r\nĐã mua tại Thế giới di động\r\nBiểu cảm khuôn mặt AR Emoji\r\nTính năng hoàn toàn mới trên Samsung S9 cho phép người dùng tự tạo nên những biểu tượng cảm xúc từ chính khuôn mặt, cảm xúc của mình, chia sẻ nhanh với bạn bè vui vẻ và đặc biệt hơn rất nhiều.\r\n\r\nSamsung Galaxy S9 AR Emoji biểu tượng cảm xúc khuôn mặt\r\n\r\nCấu hình vẫn mạnh mẽ, hỗ trợ tốt AI \r\nSamsung Galaxy S9 năm nay tiếp tục được sở hữu vi xử lý mới nhất Exynos 9810 chú trọng nhiều hơn về trí tuệ nhân tạo AI, đồng thời xử lý các tác vụ nặng khác như quay Super Slowmotion 960 khung hình/giây, AR Emoji,... Bộ nhớ RAM đạt 4 GB và bộ nhớ trong 64 GB.\r\n\r\nĐánh giá Galaxy S9 & S9 Plus\r\n❝Nhìn chung mình mới sử dụng mấy ngày, thấy máy chạy mượt, nhanh, chụp hình đẹp. Cảm ứng siêu nhạy lun.❞\r\n\r\nTruc Mai\r\nĐã mua tại Thế giới di động\r\nLoa kép tinh chỉnh bởi AKG\r\nNếu như Galaxy S8 và cả Note 8 chưa được Samsung chú tâm nhiều về công nghệ âm thanh hay phần cứng, thì năm nay Galaxy S9 đã chính thức sở hữu phần cứng loa kép stereo được tinh chỉnh bởi AKG.\r\n\r\nĐánh giá Galaxy S9 & S9 Plus\r\nBảo mật hoàn hảo hơn\r\nGalaxy S9 được trang bị công nghệ Intelligent Scan, hay còn gọi là quét thông minh, được Samsung tích hợp vào cảm biến mống mắt lẫn camera selfie. Từ đó khả năng nhận diện và mở khoá khuôn mặt trở nên chính xác và an toàn hơn so với trình mặc định của Android.'),
(1, 10, 'iPhone 7 Plus 32GB', 19990000, 'Apple', 'LED-backlit IPS LCD, 5.5", Retina HD', 'ios 11', '2 camera 12 MP', '7 MP', 'Apple A10 Fusion 4 nhân 64-bit', 2, 32, 'Hợp kim Nhôm + Magie', 188, 2900, 'iphone7.jpg', 4, 'Với thiết kế không quá nhiều thay đổi, vẫn bảo tồn vẻ đẹp truyền thống từ thời iPhone 6 Plus,  iPhone 7 Plus 32GB được trang bị nhiều nâng cấp đáng giá như camera kép, đạt chuẩn chống nước chống bụi cùng cấu hình cực mạnh.\r\nDiện mạo mới của iPhone 7 Plus\r\nThay đổi dãy nhựa an-ten bắt sóng được đưa vòng lên trên thay vì cắt ngang ở mặt lưng như trước.\r\n\r\nBút home cảm ứng\r\nNút Home quen thuộc không còn là phím vật lý nữa mà được thay thế bằng cảm ứng, nó sẽ rung lên khi bạn ấn. Vì đã dùng iPhone một thời gian rất dài, nên tôi công nhận rằng hơi khó để làm quen với nó, nhưng có lẽ chỉ mất vài ngày thôi.\r\n\r\nTrang bị chuẩn chống nước cao cấp\r\nCuối cùng chúng ta cũng có được chiếc iPhone vẫn sống khi rơi vào nước hay đi mưa không cần phải loay hoay tìm chỗ cất vì Apple đã mang chuẩn chống nước IP67 cho iphone 7 plus .(Lưu ý: không nên cố tình ngâm nước vì nếu có thiệt hại do vào nước sẽ không được Apple bảo hành).\r\n\r\nMàn hình Retina sáng và sắc nét\r\nMàn hình Retina trên 7 Plus hỗ trợ DCI-P3 gam màu rộng, nghĩa là chúng có khả năng tái tạo màu sắc trong phạm vi của sRGB. Nói đơn giản, chúng có thể hiển thị sống động hơn, sắc thái hình ảnh tốt hơn trước đó. Độ phân giải, mật độ điểm ảnh và kích thước màn hình vẫn giữ nguyên so với iPhone 6s Plus.\r\n\r\nDàn loa stereo\r\nLần đầu tiên iPhone xuất hiện tính năng âm thanh Stereo. Phim ảnh, podcast và các cuộc gọi loa ngoài bây giờ âm thanh rõ ràng hơn rất nhiều. Đó là do Apple đã dùng công nghệ thiết lập loa chứ không phải thiết kế 2 loa ngay trên mặt.\r\n\r\nCamera kép\r\n\r\niPhone 7 Plus là chiếc iPhone đầu tiên được trang bị camera kép, đem lại khả năng chụp ảnh ở hai tiêu cự khác nhau. Camera thông thường vẫn chụp hình góc rộng, còn camera thứ hai có tiêu cự phù hợp để chụp chân dung, có tính năng chụp chân dung xóa phông (làm mờ hậu cảnh). \r\n\r\nVới 1 chạm nhanh chóng bạn có thể chuyển đổi giữa chế độ 1x và zoom 2x, hoặc bạn có thể kéo thanh trượt hay dùng 2 ngón tay đến zoom. Apple đã thêm tính năng zoom kỹ thuật số lên đến 10x.\r\n\r\nMặt lưng bóng bẩy\r\nĐiểm nhấn ấn tượng nhất nằm ở mặt lưng của sản phẩm với hiệu ứng phản chiếu ánh sáng khi thay đổi góc nhìn rất đặc biệt. Hiệu ứng này cũng được áp dụng cho toàn bộ khung máy, từ cạnh trên, cạnh dưới cho đến các nút bấm nên cho cảm giác một thiết bị cực kỳ hoàn thiện, gần như không có bất kỳ một chi tiết thừa nào cả. \r\n\r\nCấu hình cực mạnh\r\n\r\nNgoài trái tim Apple A10 Fusion 4 nhân với hiệu năng cực kì mạnh mẽ và ấn tượng thì iPhone 7 Plus còn được trang bị hệ điều hành mới nhất IOS 10 với nhiều tính năng bất ngờ, và thú vị. Hiện tại, bạn có thể nâng cấp lên IOS 11 mới nhất như trên iPhone X.\r\n\r\n“Táo khuyết” cũng không quên nhấn mạnh iPhone 7 Plus sẽ nhanh hơn iPhone đời đầu tới… 140 lần. Những ai mê chơi game trên di động cũng sẽ “phải lòng” iPhone mới khi có chip xử lý đồ họa được nâng tầm đúng chất “máy chơi game”.\r\n\r\nCamera trước nâng cấp độ phân giải 7MP với khẩu độ mở lớn f/2.2 hỗ trợ chụp trong điều kiện thiếu sáng tuyệt vời với công nghệ Retina Flash, Auto HDR.'),
(1, 11, 'Sony Xperia XZ2', 19990000, 'Sony', 'IPS HDR LCD, 5.7", Full HD+', 'Android 8.0 (Oreo)', '19 MP', '5 MP', 'Snapdragon 845 8 nhân', 4, 64, 'Khung kim loại + mặt kính cường lực', 198, 3180, 'sony-xperia-xz2.jpg', 3, 'Xperia XZ2 là chiếc flagship mới được Sony giới thiệu tại MWC 2018 với sự thay đổi lớn về thiết kế so với những người tiền nhiệm.\r\nLột xác về thiết kế\r\nVới Xperia XZ2, ngôn ngữ thiết kế "Omni Balance" trứ danh một thời của Sony đã đi vào dĩ vãng để nhường chỗ cho một thiết kế mới mẻ và đột phá hơn hẳn.\r\n\r\nLột xác về thiết kế\r\n\r\nMột Sony bỏng bẩy hơn\r\n\r\nSự thay đổi lớn nhất của Xperia XZ2 so với Xperia XZ1 đó chính là mặt lưng đã được làm cong để giúp tay của chúng ta ôm gọn được chiếc máy dễ dàng hơn.\r\n\r\nLột xác về thiết kế\r\n\r\nMàn hình 18:9 lần đầu xuất hiện\r\n\r\nChất liệu kính Gorilla Glass 5 xuất hiện ở cả 2 mặt của chiếc Xperia XZ2 cùng cảm biến vân tay được xếp dọc ngay chính giữa phần mặt lưng tạo nên sự cân đối về mặt thẩm mỹ.\r\n\r\nMặt kính của Xperia XZ2 được làm cong 2.5D ở cả 4 cạnh giúp phần thân máy liền lạc hơn hẳn.\r\n\r\nMàn hình sắc nét\r\nXperia XZ2 cũng là chiếc smartphone đầu tiên của Sony sở hữu màn hình tràn viền 18:9 với kích thước 5.7 inch.\r\n\r\nMàn hình sắc nét\r\n\r\nVẫn chỉ là độ phân giải Full HD+\r\n\r\nKhá đáng tiếc là màn hình của Xperia XZ2 chỉ dừng lại ở mức Full HD+ nhưng lại sở hữu công nghệ HDR nổi tiếng tới từ Sony cùng khả năng chuyển đổi những nội dung từ SDR sang HDR tiên tiến.\r\n\r\nHiệu năng hàng đầu\r\nXperia XZ2 sẽ sử dụng vi xử lý Snapdragon 845 cùng 4 GB RAM và 64 GB bộ nhớ trong.\r\n\r\nHiệu năng hàng đầu\r\n\r\nHiệu năng thuộc top đầu trong năm 2018\r\n\r\nVới vi xử lí này thì không còn gì nghi ngờ nữa, Xperia XZ2 sẽ là một trong những chiếc smartphone mạnh nhất ở thời điểm hiện tại.\r\n\r\nHiệu năng hàng đầu\r\n\r\nGiao diện mượt mà và ổn định\r\n\r\nMáy sẽ chạy sẵn Android 8.0 cùng giao diện Sony nhẹ nhàng hứa hẹn sẽ đem lại một tốc độ phản hồi ấn tượng.\r\n\r\nVẫn chỉ là camera đơn\r\nXperia XZ2 được trang bị camera Motion Eye độ phân giải 19 MP và chưa có camera kép.\r\n\r\nVẫn chỉ là camera đơn\r\n\r\nCamera bắt nét nhanh chóng\r\n\r\nMột cải tiến đáng giá trên XZ2 là máy có thể quay được các thước phim siêu chậm, lên tới 960 khung hình/giây ở độ phân giải Full HD.\r\n\r\nVẫn chỉ là camera đơn\r\n\r\nKhả năng quét 3D ấn tượng\r\n\r\nBên cạnh đó camera selfie của máy có độ phân giải 5 MP, nghe qua không mấy ấn tượng nhưng đổi lại, bạn có thể sử dụng ứng dụng 3D Creator để tạo ra khuôn mặt 3D của mình bằng cụm camera selfie này.\r\n\r\nÂm thanh hàng đầu\r\nXperia XZ2 lần này đã được Sony bỏ đi cổng cắm tai nghe 3.5 mm và theo Sony thì điều này giúp hãng có thể đem lại chất lượng âm thanh tốt hơn khi nghe qua tai nghe.\r\n\r\nÂm thanh hàng đầu\r\n\r\nGiải trí luôn là thế mạnh của những smartphone Sony\r\n\r\nNgoài ra loa ngoài của máy cũng rất ấn tượng với công nghệ S-Force Front Surround System đến từ Sony, qua đó giúp Xperia XZ2 sẽ có âm lượng lớn hơn 20% so với Xperia XZ1.'),
(1, 12, 'iPhone 6s 128GB', 16990000, 'Apple', 'LED-backlit IPS LCD, 4.7", Retina HD', 'ios 11', '12 MP', '5 MP', 'Apple A9 2 nhân 64-bit', 2, 128, 'Hợp kim nhôm', 143, 1715, 'iphone6s.jpg', 8, 'iPhone 6s xứng đáng là phiên bản nâng cấp hoàn hảo từ iPhone 6 với nhiều tính năng mới hấp dẫn.\r\nCamera được cải tiến\r\niPhone 6s được nâng cấp độ phân giải camera sau lên 12 MP (thay vì 8 MP như trên iPhone 6), camera có tốc độ lấy nét và chụp nhanh, thao tác chạm để chụp nhẹ nhàng. Chất lượng ảnh trong các điều kiện chụp khác nhau tốt.\r\n\r\niPhone 6s cho ảnh sáng và nét hơn so với iPhone 6\r\n\r\nỐng kính rộng cùng chi tiết và màu sắc được thể hiện rất tốt (Ảnh: Hau Coming)\r\n\r\nỐng kính rộng cùng chi tiết và màu sắc được thể hiện rất tốt (Ảnh: Hau Coming)\r\n\r\nCamera trước với độ phân giải 5 MP cho hình ảnh với độ chi tiết rõ nét, đặc biệt máy còn có tính năng Retina Flash, sẽ giúp màn hình sáng lên như đèn Flash để bức ảnh khi bạn chụp trong điều kiện thiếu sáng tốt hơn.\r\n\r\nCách chỉnh chế độ chụp Retina Flash\r\n\r\nCách chỉnh chế độ chụp Retina Flash\r\n\r\nẢnh tự sướng sáng hơn nhờ camera trước có độ phân giải 5 MP\r\n\r\nSắc hồng vàng bắt mắt và khác lạ\r\nKhác biệt duy nhất trong thiết kế của iPhone 6s và iPhone 6 là ở màu sắc mới: màu hồng vàng lạ mắt lần đầu xuất hiện, phù hợp với phần lớn các bạn nữ và số ít các bạn nam thích sự khác biệt độc đáo.\r\n\r\n Màu hồng vàng không quá đậm, tạo vẻ đẹp mới lạ cho dòng iPhone mới\r\n\r\nMàu hồng vàng không quá đậm, tạo vẻ đẹp mới lạ cho dòng iPhone mới\r\n\r\nCảm ứng 3D Touch độc đáo\r\n3D Touch là tính năng hoàn toàn mới trên iPhone 6s, cho phép người dùng xem trước được các tùy chọn nhanh dựa vào lực nhấn mạnh hay nhẹ mà không cần phải nhấp vào ứng dụng. Để sử dụng, bạn chỉ cần nhấn vào màn hình hoặc ứng dụng 1 lực mạnh đến khi máy rung nhẹ là có thể xem được.\r\n\r\n Tùy chọn nhanh các ứng dụng của đồng hồ\r\n\r\nTùy chọn nhanh các ứng dụng của đồng hồ\r\n\r\nĐáng tiếc là tính năng 3D Touch này chỉ mới được áp dụng trên các ứng dụng như: danh bạ, camera, mail, máy ảnh, facebook ... \r\n\r\nBạn có thể tìm hiểu thêm tính năng 3D Touch tại đây.\r\n\r\nSức mạnh của bộ vi xử lý A9 mới nhất\r\niPhone 6s sử dụng vi xử lý A9 tốc độ 1.8 GHz (iPhone 6 chỉ với 1.4 GHz), giúp máy phản hồi các tác vụ nhanh, chạy cùng lúc nhiều ứng dụng mượt mà. Hiện tại, bạn có thể nâng cấp lên IOS 11 mới nhất như trên iPhone X.\r\n\r\n\r\nBạn sẽ thực sự cảm nhận được sức mạnh của iPhone 6s khi chiến các game có đồ họa nặng như Modern Combat 5 hay Warhammer 40.000\r\n\r\n\r\nNgười trợ lý ảo rất hữu dụng trên các dòng máy iPhone (Nguồn: Youtube)\r\n\r\nNgoài ra iPhone 6s còn được trang bị các công nghệ tiên tiến nhất hiện nay như: Wifi chuẩn ac, tính năng kết nối 4G thời thượng, cho tốc độ kết nối và tải dữ liệu rất nhanh. Cảm biến vân tay cải tiến giúp nhận diện và mở khóa nhanh hơn.'),
(1, 13, 'Phone 7 32GB', 15990000, 'Apple', 'LED-backlit IPS LCD, 4.7", Retina HD', 'iOS 11', '12 MP', '7 MP', 'Apple A10 Fusion 4 nhân 64-bit', 2, 32, 'Hợp kim Nhôm + Magie', 198, 1986, 'iphone7.jpg', 4, 'Đặc điểm nổi bật của iPhone 7 32GB\r\n\r\nTìm hiểu thêm\r\nTìm hiểu thêm\r\nBộ sản phẩm chuẩn: Hộp, Sạc, Tai nghe, Sách hướng dẫn, Jack chuyển tai nghe 3.5mm, Cáp, Cây lấy sim\r\n\r\niPhone 7 32 GB vẫn mang trên mình thiết kế quen thuộc của từ thời iPhone 6 nhưng có nhiều thay đổi lớn về phần cứng như trang bị khả năng chống nước, dàn loa stereo và cấu hình cực mạnh.\r\niPhone 7 với nhiều màu sắc\r\nCamera trước tăng lên 7 MP\r\nMột sự cải thiện đáng kể so với iPhone 6s trước đó, những tấm ảnh chụp selfie của bạn càng thêm độ chi tiết và sắc nét, bộ nhớ lớn 32 GB cũng giúp bạn thoải mái chụp và lưu trữ ảnh mà không lo hết dung lượng để lưu.\r\n\r\nCamera Selfie 7 MP\r\n\r\nCùng với đó là tính năng chụp Retina Flash giúp bạn chụp ảnh tốt hơn ở điều kiện thiếu sáng.\r\n\r\nNgoài ra, camera phía sau đã được thiết kế gọn gàng với đường bo mềm mại hơn, hạn chế tối đa trầy xước cho ống kính.\r\n\r\niPhone 7 128 GB - Camera\r\n\r\nChuẩn chống nước mới\r\nCuối cùng thì iPhone 7 cũng được trang bị chuẩn chống nước cao cấp, mang tới sự an tâm lớn cho người dùng khi vô tình để máy dính nước mưa hay làm đổ nước.\r\n\r\nTrang bị chuẩn chống nước \r\n\r\nTuy nhiên, bạn lưu ý không mang máy xuống bể bơi, hồ nước...\r\n\r\nÂm thanh stereo phát ra từ 2 phía\r\nKhông còn khó chịu khi bạn cầm máy chơi game nhưng bị bít loa như ở những phiên bản trước đó.\r\n\r\niPhone 7 32 GB được trang bị dàn loa trên dưới cho âm thanh phát ra hay hơn.\r\n\r\nDàn loa stereo\r\n\r\nCảm biến vân tay nhanh nhạy hơn\r\nGiúp bạn mở khóa máy chỉ trong vài nốt nhạc, giúp tiết kiệm thời gian cũng như bảo mật cao dữ liệu trong máy.\r\n\r\nHướng dẫn bạn cách cài đặt vân tay iPhone 7.\r\n\r\nCảm biến vân tay\r\n\r\nMàn hình 4.7 inch càng thêm sắc nét\r\nCùng với đó là khả năng hiển thị tốt hơn dưới trời nắng, góc nhìn nghiêng không bị mất màu.\r\n\r\nMàn hình hiển thị tốt\r\n\r\nCấu hình mạnh mẽ thoải mái chiến game\r\nMáy tích hợp chip xử lý A10 mới nhất, RAM 2 GB cùng hệ điều hành iOS 10 mới giúp máy vận hành nhẹ nhàng và nhanh nhạy. Hiện tại, bạn có thể nâng cấp lên IOS 11 mới nhất như trên iPhone X.\r\n\r\n\r\nClip test game nặng GTA (Nguồn: Youtube XEETECHCARE)\r\n\r\nNút home thành dạng cứng và nhận biết cảm ứng lực\r\nNút home tròn trên iPhone 7 chính thức là dạng cứng, tức bạn sẽ không nhấn xuống được nữa, để thao tác trên nút này bạn sẽ nhấn 1 lực vừa phải đến khi nút home run nhẹ lên.\r\n\r\nNút home cảm ứng\r\n\r\nĐiều dễ nhận thấy nhất về iPhone 7 tiếp theo chính là mặt sau với dãy ăng-ten được giấu đi, còn lại '),
(1, 14, 'Samsung Galaxy S8', 15990000, 'Samsung', 'Super AMOLED, 5.8", Quad HD+ (2K+)', 'Android 7.0 (Nougat)', '12 MP', '8 MP', 'Exynos 8895 8 nhân 64-bit', 4, 64, 'Khung kim loại + mặt kính cường lực', 155, 300, 'galaxys8.jpg', 3, 'Đặc điểm nổi bật của Samsung Galaxy S8\r\nTìm hiểu thêm\r\nTìm hiểu thêm\r\nTìm hiểu thêm\r\nTìm hiểu thêm\r\nTìm hiểu thêm\r\nBộ sản phẩm chuẩn: Hộp, Sạc, Tai nghe, Sách hướng dẫn, Cáp OTG (2 đầu chuyển: USB-C sang micro USB, USB-C sang USB-C), Cáp, Cây lấy sim\r\n\r\nGalaxy S8 là siêu phẩm mới nhất được Samsung ra mắt vào ngày 29/3 với thiết kế nhỏ gọn hoàn toàn mới, màn hình vô cực viền siêu mỏng.\r\nTrên tay Galaxy S8\r\n\r\n❝Máy sử dụng rất mượt. Màn hình vô cực xem phim và chơi game quá đã, 5,8 inch mà nhỏ gọn hơn iphone 5,5 inch. Bảo vệ mống mắt, vân tay và khuôn mặt nhận diện cực nhạy ban ngày, thiếu sáng thì nên dùng vân tay. Mình là tín đồ iPhone mà chuyển sang dùng S8 thì đủ hiểu là máy chất như thế nào rồi.❞\r\n\r\nNguyễn Ngân - Bình Thủy, Cần Thơ\r\nĐã mua tại Thế giới di động\r\nLần đầu tiên cầm chiếc máy trên tay, cảm giác không còn là chiếc smartphone truyền thống nữa.\r\n\r\nMáy dài và ốm, gọn trong lòng bàn tay khiến mình nhớ đến thời LG có chiếc Chocolate dài dài và thon gọn kiểu này, tất nhiên Galaxy S8 cao cấp hơn nhiều.\r\n\r\nTrên tay Galaxy S8\r\n\r\nPhía trước là màn hình 5.8 inch độ phân giải QHD+ 2960 x 1440 pixels, tỉ lệ 18,5:9 cùng màn hình cạnh căng tràn. Sử dụng công nghệ Super AMOLED cho khả năng hiển thị tươi tắn, độ sáng tuyệt vời.\r\n\r\n❝Màn hình vô cực trên máy khi xem youtube rất sướng, hình ảnh tràn ra đầy màn hình nhìn thích mắt, màu sắc và độ sáng thì khỏi phải chê, mình sử dụng ngoài nắng vô tư luôn❞\r\n\r\nNgọc Anh - Sinh Viên\r\nĐã mua tại Thế giới di động\r\nQuả không ngoa khi Samsung gọi đây là Infinity Display (Màn hình vô cực).\r\n\r\nTrên tay Galaxy S8\r\n\r\nTrên Galaxy S8, Samsung đã quyết định mang phím điều hướng vào trong màn hình, kèm theo đó là nút home hỗ trợ cảm ứng lực.\r\n\r\ntrên tay nhanh Galaxy S8\r\n\r\nPhần trên là camera phụ 8 MP hỗ trợ tính năng lấy nét tự động đầu tiên trên thế giới, các cảm biến, loa thoại và quan trọng nhất là cảm biến quét mống mắt. Mình có sử dụng thử thì máy nhận dạng và mở khóa cực kì nhanh.\r\n\r\n❝Mình mua S8 vì thấy chụp hình rất đẹp, hình ảnh chụp ra không thua gì máy ảnh cơ. Tốc độ chụp rất nhanh, đặc biệt máy có nhiều chế độ chụp, chụp ảnh nâng cao giúp mình tự chỉnh được nhiều thông số như ISO, phơi sáng...❞\r\n\r\nThanh Ngân - Quận 12, Tp HCM\r\nĐã mua tại Thế giới di động\r\ntrên tay nhanh Galaxy S8\r\n\r\nKhung kim loại được làm dày hơn, cho cảm giác tựa ngón tay chắc chắn hơn Galaxy S7 Edge rất nhiều. \r\n\r\nTrên tay Galaxy S8\r\n\r\nMình có mang theo một chiếc Galaxy S7 Edge để cho các bạn tiện theo dõi những thay đổi trên S8. Đầu tiên, màn hình tăng lên nhưng kích thước hầu như không đổi, thật tuyệt vời.\r\n\r\ntrên tay nhanh Galaxy S8\r\n\r\nCác vị trí đặt phím nguồn, volume, cổng sạc đều khá giống nhau. Riêng trên Galaxy S8 trang bị cổng USB Type-C, đồng thời xuất hiện thêm phím tắt kích hoạt trợ lý ảo Bixby.\r\n\r\nMặt lưng của Galaxy S8 vẫn làm bằng kính bo cong mềm mại, bảo vệ bởi cường lực Gorilla Glass 5.\r\n\r\ntrên tay nhanh Galaxy S8\r\n\r\nVị trí phía trên gồm camera chính 12 MP, khẩu độ F/1.7 cùng công nghệ Dual Pixel, đèn flash LED và cảm biến vân tay.\r\n\r\nTuy nhiên nhìn kĩ sẽ thấy Samsung chăm chút camera hơn với chi tiết vòng tròn nhỏ bao quanh.\r\n\r\ntrên tay nhanh Galaxy S8\r\n\r\nCòn về chất lượng ảnh và tính năng, mình sẽ có bài đánh giá khi sử dụng máy lâu hơn.\r\n\r\ntrên tay nhanh Galaxy S8\r\n\r\nVề cấu hình, chiếc Galaxy S8 chạy con chip Exynos 8895 cùng 4 GB RAM, 64 GB bộ nhớ trong cho trải nghiệm mượt mà và đủ sức chiến tất cả game 3D nặng.\r\n\r\nTrên tay nhanh Galaxy S8\r\n\r\nMáy chạy trên nền Android 7.0.1 Nougat với giao diện tuỳ biến Grace UX 8.1, viên pin đi kèm 3.000 mAh được tích hợp công nghệ sạc nhanh Fast Charge.\r\n\r\nTrên tay nhanh Galaxy S8\r\n\r\nĐiểm nhấn trên Galaxy S8 còn có tính năng trợ lý ảo Bixby, tuy nhiên trợ lý ảo này chưa hỗ trợ tiếng việt.\r\n\r\nTrên tay nhanh Galaxy S8\r\n\r\nVới nhiều ưu điểm như màn hình vô cực viền siêu mỏng, thiết kế định hình smartphone trong tương lai, cấu hình cực đỉnh và camera chụp đêm rất tốt, Galaxy S8 sẽ là một siêu phẩm làm vừa lòng rất nhiều người dùng.'),
(1, 15, 'Sony Xperia XZ Premium', 15990000, 'Sony', 'IPS LCD, 5.5", Ultra HD (4K)', 'Android 8.0 (Oreo)', '19 MP', '13 MP', 'Qualcomm Snapdragon 835 8 nhân 64-bit', 4, 64, 'Khung kim loại + mặt kính cường lực', 191, 3120, 'sonyxz.jpg', 4, 'Sony Xperia XZ Premium là flagship của Sony trong năm 2017 với vẻ ngoài hào nhoáng, màn hình cao cấp cũng nhiều trang bị hàng đầu khác.\r\nThiết kế đậm chất Sony\r\nSony Xperia XZ Premium vẫn mang trong mình phong cách thiết kế tương tự đàn anh XZ. Điểm nhấn lớn nhất của máy chính là mặt lưng được làm từ kính cường lực Corning Gorilla Glass 5 sáng bóng và nổi bật.\r\n\r\nMặt lưng bóng loáng\r\n\r\nMặt lưng bóng loáng\r\n\r\nCảm biến vân tay vẫn xuất hiện trên cạnh phải của máy, kiêm luôn phím nguồn để tắt mở thiết bị.\r\n\r\nKhe sim ở cạnh trái\r\n\r\nKhe sim ở cạnh trái\r\n\r\nTrên XZ Premium thì Sony đã sử dụng cho sản phẩm đầu bảng của mình kết nối USB Type C giúp người dùng dễ dàng cắm sạc, sao chép dữ liệu với tốc độ nhanh hơn.\r\n\r\nThiết kế sang trọng, lịch lãm\r\n\r\nThiết kế sang trọng, lịch lãm\r\n\r\nMàn hình HDR\r\nLần đầu tiên trong một chiếc điện thoại thông minh, Xperia XZ Premium có màn hình 4K HDR – sở hữu công nghệ giống như TV Bravia của Sony.\r\n\r\nMàn hình HDR lần đầu tiên xuất hiện\r\n\r\nMàn hình HDR lần đầu tiên xuất hiện\r\n\r\nMàn hình này cho phép bạn xem các nội dung 4K HDR mới nhất với màu sắc, độ nét và độ tương phản tuyệt đẹp.\r\n\r\nThoải mái sử dụng dưới nước\r\nBạn sẽ không còn phải lo lắng về mưa khi đang ở ngoài trời và mang theo Xperia XZ Premium với tiêu chuẩn chống bụi và chống nước IP68, tiêu chuẩn cao nhất hiện nay.\r\n\r\nMáy vẫn sở hữu khả năng chống bụi, chống nước\r\n\r\nMáy vẫn sở hữu khả năng chống bụi, chống nước\r\n\r\nÂm thanh hàng đầu\r\nNói tới Sony không thể nào không nhắc tới âm thanh vì đây có vẻ là đặc trưng riêng của hãng, chính vì vậy XZ Premium được trang bị những công nghệ âm thanh hiện đại nhất như: Hi-Res Audio, DIGITAL, LDAC.\r\n\r\nGiải trí với XZ Premium thật thoải mái\r\n\r\nGiải trí với XZ Premium thật thoải mái\r\n\r\nXperia XZ Premium vẫn giữ cho mình kết nối 3.5 mm quen thuộc giúp bạn có thể sử dụng những loại tai nghe phổ biến hiện nay để thưởng thức âm nhạc.\r\n\r\nCamera được cải tiến\r\nXperia XZ Premium được tích hợp sẵn hệ thống camera Motion Eye danh tiếng cho phép bạn có thể quay video slow motion với tốc độ lên tới 960 khung hình một giây.\r\n\r\nCamera đã đẹp nay còn đẹp hơn\r\n\r\nCamera đã đẹp nay còn đẹp hơn\r\n\r\nCamera chính của máy sử dụng cảm biến mới có độ phân giải 19 MP kích thước cảm biến 1/2.3", sử dụng công nghệ Exmor RS đem lại hình ảnh chi tiết và tương phản tốt.\r\n\r\nHình ảnh chi tiết\r\n\r\nHình ảnh chi tiết\r\n\r\nCamera trước của máy cũng có độ phân giải lên tới 13 MP, khẩu độ lớn F/2.0 sẽ cho bạn những bức ảnh selfie vô cùng ảo diệu.\r\n\r\nHình ảnh chụp từ camera chính của máy\r\n\r\nHình ảnh chụp từ camera chính của máy\r\n\r\nMột điểm cộng nữa là camera không lồi giúp người dùng sẽ không lo sợ bị trầy xước hay cảm thấy khó chịu mỗi khi sử dụng máy nữa.\r\n\r\nHiệu năng mạnh mẽ\r\nVới con chip Qualcomm Snapdragon 835 kết hợp với 4 GB RAM cùng bộ nhớ trong 64 GB thì sẽ không có bất kỳ game hay ứng dụng nào có thể làm khó chiếc XZ Premium.\r\n\r\nMượt mà và hơn thế nữa\r\n\r\nMượt mà và hơn thế nữa\r\n\r\nXperia XZ Premium sẽ được cài sẵn hệ điều hành Android 7 Nougat ngay từ khi ra mắt. Điều này chắc hẳn sẽ giúp trải nghiệm của người dùng được tốt hơn, nhất khi sử dụng độ phân giải 4K.\r\n\r\nMáy được cài sẵn hệ điều hành mới nhất đến từ Google\r\n\r\nMáy được cài sẵn hệ điều hành mới nhất đến từ Google\r\n\r\nSony Xperia XZ Premium với đầy đủ các trang bị tiên tiến hiện nay cho một chiếc smartphone thì chắc chắn bạn sẽ cảm thấy hài lòng với trải nghiệm mà máy mang lại.'),
(1, 16, 'Sony Xperia XZ Premium', 14490000, 'Sony', 'IPS LCD, 5.5", Ultra HD (4K)', 'Android 8.0 (Oreo)', '19 MP', '13 MP', 'Qualcomm Snapdragon 835 8 nhân 64-bit', 4, 64, 'Khung kim loại + mặt kính cường lực', 191, 3220, 'sonyxzpink.jpg', 2, 'Đặc điểm nổi bật của Sony Xperia XZ Premium Pink Gold\r\n\r\nTìm hiểu thêm\r\nTìm hiểu thêm\r\nTìm hiểu thêm\r\nTìm hiểu thêm\r\nTìm hiểu thêm\r\nTìm hiểu thêm\r\nBộ sản phẩm chuẩn: Hộp, Sạc, Tai nghe, Sách hướng dẫn, Cáp\r\n\r\nSony Xperia XZ Premium Pink Gold là một phiên bản khác của chiếc Sony Xperia XZ Premium với khác biệt duy nhất đến từ màu Pink Gold quyến rũ.\r\nThiết kế đậm chất Sony\r\nSony Xperia XZ Premium Pink Gold vẫn mang trong mình phong cách thiết kế tương tự những chiếc Xperia XZ Premium đã được biết đến trước đó. Điểm khác biệt lớn nhất của máy chính là màu sắc vàng hồng được phối khéo léo với nhau thể hiện cá tính riêng của người sử dụng.\r\n\r\nMàu hồng thời trang\r\n\r\nMàu hồng thời trang\r\n\r\nCảm biến vân tay vẫn xuất hiện trên cạnh phải của máy, kiêm luôn phím nguồn để tắt mở thiết bị.\r\n\r\nCảm biến vân tay có tốc độ nhận diện nhanh chóng\r\n\r\nCảm biến vân tay có tốc độ nhận diện nhanh chóng\r\n\r\nTrên XZ Premium thì Sony đã sử dụng cho sản phẩm đầu bảng của mình kết nối USB Type C giúp người dùng dễ dàng cắm sạc, sao chép dữ liệu với tốc độ nhanh hơn.\r\n\r\nCạnh dưới là nơi đặt cổng sạc USB Type C\r\n\r\nCạnh dưới là nơi đặt cổng sạc USB Type C\r\n\r\nMàn hình HDR\r\nLần đầu tiên trong một chiếc điện thoại thông minh, Xperia XZ Premium có màn hình 4K HDR – sở hữu công nghệ giống như TV Bravia của Sony.\r\n\r\nMàn hình HDR lần đầu tiên xuất hiện\r\n\r\nMàn hình HDR lần đầu tiên xuất hiện\r\n\r\nMàn hình này cho phép bạn xem các nội dung 4K HDR mới nhất với màu sắc, độ nét và độ tương phản tuyệt đẹp.\r\n\r\nThoải mái sử dụng dưới nước\r\nBạn sẽ không còn phải lo lắng về mưa khi đang ở ngoài trời và mang theo Xperia XZ Premium với tiêu chuẩn chống bụi và chống nước IP68, tiêu chuẩn cao nhất hiện nay.\r\n\r\nMáy vẫn sở hữu khả năng chống bụi, chống nước\r\n\r\nMáy vẫn sở hữu khả năng chống bụi, chống nước\r\n\r\nÂm thanh hàng đầu\r\nNói tới Sony không thể nào không nhắc tới âm thanh vì đây có vẻ là đặc trưng riêng của hãng, chính vì vậy XZ Premium được trang bị những công nghệ âm thanh hiện đại nhất như: Hire''s Audio, DIGITAL, LDAC.\r\n\r\nGiải trí với XZ Premium thật thoải mái\r\n\r\nGiải trí với XZ Premium thật thoải mái\r\n\r\nXperia XZ Premium vẫn giữ cho mình kết nối 3.5 mm quen thuộc giúp bạn có thể sử dụng những loại tai nghe phổ biến hiện nay để thưởng thức âm nhạc.\r\n\r\nCamera được cải tiến\r\nXperia XZ Premium được tích hợp sẵn hệ thống camera Motion Eye danh tiếng cho phép bạn có thể quay video slow motion với tốc độ lên tới 960 khung hình một giây.\r\n\r\nCamera đã đẹp nay còn đẹp hơn\r\n\r\nCamera đã đẹp nay còn đẹp hơn\r\n\r\nCamera chính của máy sử dụng cảm biến mới có độ phân giải 19 MP kích thước cảm biến 1/2.3", sử dụng công nghệ Exmor RS đem lại hình ảnh chi tiết và tương phản tốt.\r\n\r\nHình ảnh chi tiết\r\n\r\nHình ảnh chi tiết\r\n\r\nCamera trước của máy cũng có độ phân giải lên tới 13 MP, khẩu độ lớn F/2.0 sẽ cho bạn những bức ảnh selfie vô cùng ảo diệu.\r\n\r\nHình ảnh chụp từ camera chính của máy\r\n\r\nHình ảnh chụp từ camera chính của máy\r\n\r\nMột điểm cộng nữa là camera không lồi giúp người dùng sẽ không lo sợ bị trầy xước hay cảm thấy khó chịu mỗi khi sử dụng máy nữa.\r\n\r\nHiệu năng mạnh mẽ\r\nVới con chip Qualcomm Snapdragon 835 kết hợp với 4 GB RAM cùng bộ nhớ trong 64 GB thì sẽ không có bất kỳ game hay ứng dụng nào có thể làm khó chiếc XZ Premium.\r\n\r\nMượt mà và hơn thế nữa\r\n\r\nXperia XZ Premium sẽ được cài sẵn hệ điều hành Android 7 Nougat ngay từ khi ra mắt. Điều này chắc hẳn sẽ giúp trải nghiệm của người dùng được tốt hơn, nhất là khi sử dụng độ phân giải màn hình 4K.\r\n\r\nSony Xperia XZ Premium với đầy đủ các trang bị tiên tiến hiện nay cho một chiếc smartphone thì chắc chắn bạn sẽ cảm thấy hài lòng với trải nghiệm mà máy mang lại.'),
(1, 17, 'Sony Xperia XZ1', 13990000, 'Sony', 'IPS HDR LCD, 5.2", Full HD', 'Android 8.0 (Oreo)', '19 MP', '13 MP', 'Qualcomm Snapdragon 835 8 nhân 64-bit', 4, 64, 'Kim loại', 155, 2700, 'sonyxperiaxz1.jpg', 2, 'Đặc điểm nổi bật của Sony Xperia XZ1\r\n\r\nBộ sản phẩm chuẩn: Hộp, Sạc, Tai nghe, Sách hướng dẫn, Cáp\r\n\r\nSony Xperia XZ1 là mẫu flagship kế tiếp của Sony tiếp nối sự thành công của chiếc Xperia XZs đã ra mắt trước đó với những nâng cấp nhẹ về mặt cấu hình và thiết kế.\r\nThiết kế quen thuộc\r\nSony Xperia XZ1 vẫn mang trong mình ngôn ngữ thiết kế quen thuộc của Sony trong những năm gần đây với các góc cạnh vuông vức, nam tính.\r\n\r\nThiết kế không có nhiều thay đổi\r\n\r\nThiết kế không có nhiều thay đổi\r\n\r\nPhím nguồn quen thuộc kiêm luôn cảm biến vân tay\r\n\r\nPhím nguồn quen thuộc kiêm luôn cảm biến vân tay\r\n\r\nMáy được trang bị công nghệ màn hình TRILUMINOSTM kích thước 5.2 inch cùng độ phân giải Full HD giúp hình ảnh hiển thị tốt, màu sắc trung thực và thời lượng pin được tăng cường đáng kể nhờ màn hình không quá to.\r\n\r\nSony vẫn chỉ trung thành với màn hình Full HD đem lại thời gian dùng pin tốt hơn\r\n\r\nSony vẫn chỉ trung thành với màn hình Full HD đem lại thời gian dùng pin tốt hơn\r\n\r\nNgoài ra Sony còn trang bị cho máy công nghệ màn hình HDR đem lại khả năng hiển thị vượt trội so với các màn hình có cùng độ phân giải.\r\n\r\nCấu hình hàng đầu\r\nSony Xperia XZ1 nhiều khả năng sẽ sở hữu con chip Qualcomm Snapdragon 835 8 nhân 64-bit cao cấp, 4 GB RAM cùng 64 GB bộ nhớ trong.\r\n\r\nNhanh và mạnh mẽ là những gì có thể nói về XZ1\r\n\r\nNhanh và mạnh mẽ là những gì có thể nói về XZ1\r\n\r\nCấu hình mạnh mẽ giúp Xepria XZ1 xử lý các tác vụ đa nhiệm tốt, chơi các game với đồ họa cao.\r\n\r\nMáy chạy sẵn Android 8.0 mới mẻ\r\n\r\nMáy chạy sẵn Android 8.0 mới mẻ\r\n\r\nBên cạnh đó, máy còn có khe cắm mở rộng với thẻ MicroSD hỗ trợ tối đa 256 GB, kết nối 4G LTE Cat 16 với tốc độ cực nhanh, hệ điều hành mới Android 8.0 ổn định, bảo mật và nhiều tiện ích.\r\n\r\nMáy còn được tích hợp khả năng tiết kiệm pin cho bạn sử dụng các tác vụ cơ bản trong những tình huống khẩn cấp\r\n\r\nMáy còn được tích hợp khả năng tiết kiệm pin cho bạn sử dụng các tác vụ cơ bản trong những tình huống khẩn cấp\r\n\r\nDung lượng pin không quá lớn với 2.700 mAh nhưng nhờ được tối ưu hóa hiệu quả vẫn đem lại cho bạn thời gian sử dụng khá thoải mái trong khoảng 1 ngày.\r\n\r\nCamera chất lượng\r\nXZ1 sẽ tiếp tục phát huy những thế mạnh mà chiếc XZs trước đó đã làm được với khả năng quay video super slow motion lên tới 960 khung hình trên giây mang lại cho người dùng những thước phim độc nhất vô nhị để chia sẻ với bạn bè.\r\n\r\nCamera hứa hẹn vẫn cho chất lượng tốt\r\n\r\nCamera hứa hẹn vẫn cho chất lượng tốt\r\n\r\nCamera chính vẫn sẽ giữ nguyên độ phân giải 19 MP, được trang bị cảm biến hình ảnh ba chiều và đặc biệt là hệ thống chống rung 5 trục mang lại chất lượng hình ảnh tốt hơn khi chụp.\r\n\r\nGiao diện camera ngày càng được cải tiến, giúp người dùng dễ dàng làm quen và sử dụng\r\n\r\nGiao diện camera ngày càng được cải tiến, giúp người dùng dễ dàng làm quen và sử dụng\r\n\r\nCamera trước cũng sở hữu độ phân giải lên tới 13 MP, hỗ trợ lấy nét tự động và được tích hợp sẵn chế độ làm đẹp mang lại những bức ảnh selfie chất lượng.\r\n\r\nVới mức giá bán khá hấp dẫn cho một chiếc flagship và với những ai đã yêu thích các sản phẩm của Sony thì Xperia XZ1 xứng đáng là sản phẩm đáng sở hữu trong năm 2017.');
INSERT INTO `SanPham` (`MaLoai`, `MaSP`, `TenSP`, `Gia`, `Hang`, `ManHinh`, `HeDieuHanh`, `CamSau`, `CamTruoc`, `CPU`, `Ram`, `BoNho`, `ChatLieu`, `TrongLuong`, `DungLuongPin`, `Anh`, `SoLuong`, `DacDiem`) VALUES
(1, 18, 'Samsung Galaxy A8+', 13490000, 'Samsung', 'Super AMOLED, 6", Full HD+', 'Android 7.1 (Nougat)', '16 MP', '16 MP và 8 MP', 'Exynos 7885 8 nhân 64-bit', 6, 64, 'Khung kim loại + mặt kính cường lực', 191, 3500, 'galaxya8.jpg', 4, 'Đặc điểm nổi bật của Samsung Galaxy A8+ (2018)\r\n\r\nTìm hiểu thêm\r\nTìm hiểu thêm\r\nTìm hiểu thêm\r\nTìm hiểu thêm\r\nBộ sản phẩm chuẩn: Hộp, Pin, Sạc, Tai nghe, Sách hướng dẫn, Ốp lưng\r\n\r\nSamsung Galaxy A8+ (2018) là phiên bản lớn hơn của chiếc Samsung Galaxy A8 (2018) phù hợp với những bạn yêu thích một thiết bị có màn hình lớn và thời lượng pin bền bỉ.\r\nThiết kế sang trọng\r\nSamsung Galaxy A8+ (2018) sở hữu bộ khung kim loại chạy xung quanh máy được bo tròn tinh tế hơn, mang lại sự thoải mái tuyệt đối khi cầm trên tay và thao tác.\r\n\r\nThiết kế Samsung Galaxy A8+ (2018)\r\n\r\nThiết kế thon dài theo xu hướng\r\n\r\nTỉ lệ màn hình mới giúp các viền màn hình mỏng đi đáng kể, cùng với đó là cụm phím điều hướng cơ bản trên Android được đưa vào trong màn hình.\r\n\r\nMàn hình hiển thị sắc nét\r\nVới kích thước lên tới 6 inch độ phân giải Full HD+ (1080 x 2220 pixels) máy đem lại cho bạn khả năng hiển thị sắc nét.\r\n\r\nMàn hình Samsung Galaxy A8+ (2018)\r\n\r\nMàn hình kích thước lớn, tiệm cận một chiếc tablet\r\n\r\nTấm nền Super AMOLED được sử dụng cho độ sáng cao cùng màu sắc rực rỡ.\r\n\r\nCấu hình mạnh mẽ\r\nSamsung Galaxy A8+ (2018) dùng chip Exynos 7885 đi kèm với 6 GB RAM & 64 GB bộ nhớ trong. Máy cho khả năng chiến game nặng tốt, hỗ trợ các tác vụ công việc hằng ngày nhanh nhạy hơn so với bản A7 (2017) cũ.\r\n\r\nCấu hình Samsung Galaxy A8+ (2018)\r\n\r\nRAM lớn 6 GB cho bạn sử dụng nhiều tác vụ cùng lúc mượt mà\r\n\r\nMáy cũng hỗ trợ khe cắm thẻ nhớ mở rộng với dung lượng tối đa lên tới 256 GB cùng kết nối 4G LTE tốc độ cao giúp bạn truy cập internet nhanh chóng, mọi lúc mọi nơi.\r\n\r\nSamsung Galaxy A8+ (2018)\r\n\r\nDung lượng pin lớn hứa hẹn cho thời gian sử dụng ấn tượng\r\n\r\nViên pin của A8 (2018) có dung lượng 3500 mAh hứa hẹn cho bạn sử dụng khá thoải mái trong khoảng hơn 1 ngày.\r\n\r\nCamera nhiều cải tiến\r\nNắm bắt xu thế của những chiếc điện thoại ra mắt thời gian gần đây thì Samsung cũng đưa lên Galaxy A8+ (2018) bộ đôi camera kép ở mặt trước với độ phân giải lần lượt là 16 MP và 8 MP.\r\n\r\nCamera selfie Samsung Galaxy A8+ (2018)\r\n\r\nCamera selfie tích hợp nhiều chế độ làm đẹp\r\n\r\nMáy cũng được tích hợp sẵn chế độ làm đẹp cùng với nhiều tính năng chụp ảnh thông minh hứa hẹn cho bạn những bức ảnh tự sướng ảo diệu.\r\n\r\nCamera sau Samsung Galaxy A8+ (2018)\r\n\r\nMáy vẫn chỉ có 1 camera ở mặt sau\r\n\r\nCamera sau với độ phân giải 16 MP với khả năng lấy nét và lưu ảnh nhanh chóng sẽ giúp bạn bắt trọn từng khoảnh khắc.\r\n\r\nNhiều tính năng hữu ích\r\nCổng USB Type-C được trang bị sẵn trên A8+ (2018) đi kèm nó là công nghệ sạc pin nhanh.\r\n\r\nNgoài ra chuẩn Type-C có tốc độ truyền tải dữ liệu của chuẩn 3.1 với tốc độ tối đa lên đến 10 Gbps, gấp đôi 3.0 và tương đương chuẩn Thunderbolt.\r\n\r\nCảm biến vân tay Samsung Galaxy A8+ (2018)\r\n\r\nMáy được trang bị cảm biến vân tay ở mặt sau\r\n\r\nMáy được tích hợp bảo mật khuôn mặt mở khoá nhanh chóng. Đồng thời, cảm biến vân tay ở mặt sau tiện thao tác và bảo mật thông tin dữ liệu an toàn.'),
(1, 19, 'OPPO F7 128GB', 9990000, 'Oppo', 'LTPS LCD, 6.23", Full HD+\r\n', 'ColorOS 5.0 (Android 8.1)', '16 MP', '25 MP', 'MediaTek Helio P60', 6, 128, 'Nhựa', 158, 3400, 'oppof7128gbden.jpg', 6, 'Tiếp nối sự thành công của OPPO F5 thì OPPO tiếp tục giới thiệu OPPO F7 128GB với mức giá tương đương nhưng mang trong mình thiết kế hoàn toàn mới cũng nhiều cải tiến đáng giá.\r\nThiết kế độc đáo\r\nTiếp tục với trào lưu thiết kế "tai thỏ" được nhiều nhà sản xuất áp dụng thì OPPO F7 cũng không ngoaị lệ.\r\n\r\nThiết kế theo xu thế\r\n\r\nThiết kế theo xu thế\r\n\r\nMáy được hoàn thiện từ kính ở mặt trước và khung máy được làm bằng nhựa với tông màu đỏ tổng thể máy nhìn khá bắt mắt.\r\n\r\nOPPO F7 bóng bẩy sang trọng\r\n\r\nOPPO F7 bóng bẩy sang trọng\r\n\r\nMàn hình hiển thị đẹp\r\nOPPO F7 được trang bị màn hình kích thước 6.23 inch, độ phân giải Full HD+, tỉ lệ 19:9.\r\n\r\nMàn hình hiển thị sắc nét\r\n\r\nMàn hình hiển thị sắc nét\r\n\r\nTấm nền IPS LCD cho không gian hiển thị lên tới 89% ở bề mặt trước.\r\n\r\nMáy cho màu sắc cho lên tốt khá bắt mắt dưới mọi góc nhìn. Tuy nhiên, độ sáng chưa đạt yêu cầu dẫn đến khó nhìn trong môi trường ngoài trời.\r\n\r\nHiệu năng mạnh mẽ\r\nCung cấp sức mạnh cho máy là con chip MediaTek Helio P60, đi kèm với RAM 6 GB và 128 GB bộ nhớ trong (có thể mở rộng lưu trữ qua thẻ nhớ ngoài).\r\n\r\nHiệu năng cải thiện rõ rệt\r\n\r\nHiệu năng cải thiện rõ rệt\r\n\r\nQua thử nghiệm cho thấy OPPO F7 cho khả năng xử lý tác vụ nhanh hơn so với thế hệ trước nhưng lại tiêu thụ ít điện năng hơn.\r\n\r\nCác ứng dụng được mở nhanh chóng và các cử chỉ trên giao diện người dùng có cảm giác trơn tru, mịn màng.\r\n\r\nCamera selfie vẫn là điểm nhấn\r\nVới camera "tự sướng" 25 MP hỗ trợ công nghệ AI giúp làm đẹp tự nhiên trên khuôn mặt người dùng thì F7 có thể làm hài lòng đến cả người khó tính nhất.\r\n\r\nDù chỉ có 1 camera nhưng máy vẫn có khả năng chụp xóa phông\r\n\r\nDù chỉ có 1 camera nhưng máy vẫn có khả năng chụp xóa phông\r\n\r\nNgoài ra chế độ Beautify được nâng cấp, có thể quan sát tới 296 điểm ảnh trên khuôn mặt nâng cao độ chất của ảnh selfie.\r\n\r\nCamera trước 16 MP vẫn cho khả năng chụp ảnh xóa phông bằng phần mềm khá tốt.\r\n\r\nMở khóa khuôn mặt\r\nTất nhiên OPPO F7 vẫn sở hữu tính năng mở khóa bằng khuôn mặt với tốc độ nhanh diện rất nhanh.\r\n\r\nCảm biến vân tay dễ dàng sử dụng\r\n\r\nCảm biến vân tay dễ dàng sử dụng\r\n\r\nMáy vẫn duy trì cảm biến vân tay ở mặt lưng giúp bạn có thêm lựa chọn bảo mật.'),
(1, 20, 'Samsung Galaxy C9 Pro', 9990000, 'Samsung', 'Super AMOLED, 6.0", Full HD', 'Android 6.0 (Marshmallow)', '16 MP', '16 MP', 'Snapdragon 653 8 nhân 64-bit', 6, 64, 'Nhôm xước', 189, 4000, 'galaxyc9.jpg', 3, 'Samsung Galaxy C9 Pro gây được sự chú ý cho người dùng bởi nó sở hữu mức RAM lên tới 6 GB, lần đầu tiên có một chiếc Galaxy đến từ Samsung sở hữu mức RAM đó.\r\nThiết kế mỏng, sang trọng\r\nKích thước của chiếc C9 Pro thực sự khá lớn so với các smartphone đang có mặt trên thị trường hiện nay bởi máy sở hữu cho mình một màn hình có kích thước lên tới 6 inch.\r\n\r\n❝Máy có màn hình rất to nhưng cầm không có cảm giác công kềnh khó chịu do mỏng và viền màn hình cũng không quá dày, mình con gái nhưng cầm không khó khăn gì mấy.❞\r\n\r\nThư Thư - Sinh Viên Bách Khoa\r\nĐã mua tại Thế giới di động\r\nC9 Pro sở hữu kích thước màn hình của một chiếc tablet\r\n\r\nC9 Pro sở hữu kích thước màn hình của một chiếc tablet\r\n\r\nVới việc sử dụng bộ nhớ RAM lên đến 6 GB, chip Snapdragon 653 8 nhân, hệ điều hành Android 6.0 (Marshmallow) được cài đặt sẵn cho phép bạn thoải mái sử dụng hầu hết các ứng dụng nặng nhất hiện nay trên Google Play.\r\n\r\nChiến game mượt mà\r\n\r\nC9 Pro thoải mái chiến các tựa game nặng mượt mà\r\n\r\nSamsung cũng trang bị cho máy bộ nhớ trong 64 GB cho bạn thoải mái lưu trữ dữ liệu cùng kết nối 4G tốc độ cao.\r\n\r\nCamera sắc nét\r\n❝Camera máy lấy nét rất nhanh, mình chỉ cần ấn chụp là ảnh đã được lưu lại ngay. Đặc biệt chụp ban đêm rất sáng, cảm giác không thua gì so với các sản phẩm cao cấp.❞\r\n\r\nPhong - Quận 12, Tp HCM\r\nĐã mua tại Thế giới di động\r\nCamera chính của máy sở hữu độ phân giải 16 MP, khẩu độ lớn F/1.9 mang lại khả năng thu sáng ấn tượng cho các bức ảnh. Máy cũng cho khả năng bắt nét nhanh, lưu hình tức thì giúp bạn không bị bỏ lỡ khoảnh khắc đẹp trong cuộc sống.\r\n\r\nGiao diện camera đơn giản, dễ sử dụng\r\n\r\nGiao diện camera đơn giản, dễ sử dụng\r\n\r\nCamera trước cũng sở hữu độ phân giải lớn 16 MP tương tự camera sau, hỗ trợ selfie góc rộng hứa hẹn sẽ không làm cho các tín đồ selfie phải thất vọng.\r\n\r\nGiao diện mượt mà\r\nC9 Pro được ưu ái sử dụng giao diện Grace UX, giao diện mới mà Samsung trang bị cho Galaxy Note 7 "xấu số" của hãng.\r\n\r\nGiao diện Grace UX mới của Samsung\r\n\r\nGiao diện Grace UX mới của Samsung\r\n\r\nViên pin dung lượng lên tới 4000 mAh kết hợp với giao diện nhẹ nhàng và mượt mà giúp máy có thể sử dụng thoải mái trong thời gian dài.\r\n\r\nCảm biến vân tay một chạm, không cần mở sáng màn hình để mở khóa thiết bị\r\n\r\nCảm biến vân tay một chạm, không cần mở sáng màn hình để mở khóa thiết bị\r\n\r\nNgoài ra thì C9 Pro cũng sở hữu cảm biến vân tay một chạm ở mặt trước, giúp bạn có thể mở khóa dễ dàng với một cái chạm nhẹ mà không cần mở sáng màn hình.\r\n\r\nNếu bạn là người yêu thích các smartphone màn hình lớn cùng với việc thường xuyên làm việc và giải trí với chiếc điện thoại của mình thì C9 Pro thực sự là sự lựa chọn hàng đầu dành cho bạn.'),
(1, 21, 'HTC U Ultra', 9890000, 'HTC', 'Super LCD, Chính: 5.7", phụ: 2.05", Quad HD (2K)', 'Android 7.0 (Nougat)', '12 MP', '16 MP', 'Qualcomm Snapdragon 821 4 nhân 64-bit', 4, 64, 'Khung kim loại + mặt kính cường lực', 146, 3000, 'htcuultra1.jpg', 3, 'HTC U Ultra đánh dấu sự trở lại của HTC với triết lý thiết kế mới, đẹp hơn - sang trọng - bóng bẩy hơn và đặc biệt gắn bó với người dùng hơn thông qua trợ lý ảo HTC Sense Companion.\r\nTrên tay HTC U Ultra: Kỷ nguyên mới của HTC\r\n\r\nThiết kế và chất lượng gia công\r\n\r\nCùng với nhiều nhà sản xuất khác, HTC đã tự đưa mình vào buồng giam của thiết kế kim loại nguyên khối. Tuy nhiên với dòng U, hãng đã giải phóng mình, bước đi theo một hướng mới.\r\n\r\nThiết kế của U Ultra được phát triển trong vòng 2 năm, lý do là hãng cần thời gian để xây dựng dây chuyền uốn cong lớp kính Gorilla Glass 5 theo các cạnh viền và góc.\r\n\r\nTrên tay HTC U Ultra: Kỷ nguyên mới của HTC\r\n\r\nKẹp giữa 2 lớp kính là khung nhôm được hoàn thiện khá tốt, cùng với các phím cứng quen thuộc volume, nguồn, và cổng USB Type-C, loa ngoài. Jack cắm tai nghe 3.5 mm đã được loại bỏ như sản phẩm HTC 10 Evo trước đây, thiết bị sẽ được bán kèm theo tai nghe chuyên biệt.\r\n\r\nTrên tay HTC U Ultra: Kỷ nguyên mới của HTC\r\n\r\nVề tổng quan, HTC U Ultra gây ấn tượng lần đầu khá tốt. Thiết bị khá chắc chắn, cứng cáp, nút bấm đặt hợp lý, gia công tốt tạo lực nhấn vừa phải, không quá nhẹ cũng không quá cứng. Thân máy khá liền mạch, khác với những gì trước đây chúng ta từng biết trên các sản phẩm của HTC.\r\n\r\nTrên tay HTC U Ultra: Kỷ nguyên mới của HTC\r\n\r\nQuan sát kĩ hơn, chiếc smartphone này có 4 lỗ nhỏ, một phía sau, cạnh trên và 2 ở mặt trước. U Ultra sử dụng tổng cộng 4 microphone, hỗ trợ điều khiển bằng giọng nói kể cả khi màn hình đang ở chế độ nghỉ. Các microphone này đều có khả năng thu âm đa hướng với bán kính lên đến 2 mét, cho phép nhận diện giọng nói chính xác ở khoảng cách khá xa. \r\n\r\nTrên tay HTC U Ultra: Kỷ nguyên mới của HTC\r\n\r\nMàn hình phụ và trợ lý ảo sẽ là điểm nhấn đặc sắc nhất\r\n\r\nMột điều đặc biệt ở chiếc smartphone mới nhất của HTC là màn hình phụ giúp hiển thị các thông tin cần thiết, thông báo,… Giống như V10 và V20 của LG. Màn hình chính của HTC U Ultra có kích thước chuẩn Phablet 5.7” với độ phân giải Quad HD (1440 x 2560p) cho mật độ điểm ảnh lên đến 513 ppi. Màn hình thứ 2 đặt ở phía trên, bên phải camera selfie với chất lượng 1040 x 160p.\r\n\r\nTrên tay HTC U Ultra: Kỷ nguyên mới của HTC\r\n\r\nGiống như V20, những thông tin tóm lược sẽ được thể hiện trên màn hình phụ này. Tuy nhiên nội dung hiển thị sẽ được trợ lý ảo HTC Sense Companion quản lý dựa trên các thông tin người dùng kết hợp với ứng dụng cài đặt sẵn. \r\n\r\nTrên tay HTC U Ultra: Kỷ nguyên mới của HTC\r\n\r\nVí dụ đơn giản, nếu dung lượng pin trên máy còn 50% và bạn đã note vào ứng dụng ghi nhớ rằng sẽ phải đi công tác xa vào ngày hôm đó, Sense Companion sẽ nhắc nhở bạn nên sạc đầy pin điện thoại trước khi lên máy bay. Hoặc gợi ý một vài nơi ăn uống gần đó khi đến buổi ăn trưa. \r\n\r\nTrên tay HTC U Ultra: Kỷ nguyên mới của HTC\r\n\r\nHTC hướng đến người dùng hơn là cạnh tranh cấu hình\r\n\r\nHTC U Ultra được xuất xưởng với Android 7.0 Nougat cùng giao diện người dùng HTC Sense. Sense Companion cũng sẽ được cài đặt mặc định.\r\n\r\nTrên tay HTC U Ultra: Kỷ nguyên mới của HTC\r\n\r\nVề các thông số cấu hình, HTC U Ultra khá tương đồng với Google Pixel và Pixel XL (cũng được sản xuất bởi HTC). Thiết bị sẽ được trang bị vi xử lý Snapdragon 821, RAM 4 GB cùng với khay cắm thẻ nhớ hỗ trợ mở rộng lên đến 2 TB.\r\n\r\nLoa ngoài vẫn thể hiện âm thanh khá chất với hệ thống BoomSound nổi tiếng, nhưng kèm theo đó là một thiết kế mới hoàn toàn. Cách sắp đặt loa trên U Ultra giống với HTC 10 và 10 Evo, một ở phía dưới và một giấu trên loa thoại.\r\n\r\nTrên tay HTC U Ultra: Kỷ nguyên mới của HTC\r\n\r\nVới dòng sản phẩm U, có lẽ HTC đang muốn hướng đến một điều gì đó bền vững hơn là các con số cứ phải tăng dần mỗi năm. Đó là sự hài lòng và sự tiện dụng cho khách hàng, đây là có lẽ là một giá trị mới mà hãng điện thoại Đài Loan sẽ đem lại trong thời gian tới.\r\n\r\nCải thiện camera từ kinh nghiệm trong quá khứ\r\nHTC 10 cho thấy HTC biết về chất lượng camera, Pixel và Pixel XL cho thấy HTC biết học hỏi từ quá khứ. Không quá liều lĩnh để rồi nhận sai lầm đáng tiếc như M8 và M9, HTC lựa chọn trang bị cho U Ultra hệ thống camera tương tự như Google Pixel.\r\n\r\nTrên tay HTC U Ultra: Kỷ nguyên mới của HTC\r\n\r\nCảm biến máy ảnh 12 MP và cho phép quay video 4K. Nhờ vào 4 microphone, thiết bị có thể thu âm và hiện âm thanh vòm 3D. Kích thước pixel 1.55μm hỗ trợ chụp ảnh tốt trong điều kiện thiếu sáng. HTC cũng đã kết hợp các phương pháp lấy nét tự động laser, lấy nét theo pha và lấy nét tương phản cho mô đun camera của mình.\r\n\r\nTrên tay HTC U Ultra: Kỷ nguyên mới của HTC\r\n\r\nCamera trước có độ phân giải 16 “chấm” và có thể quay video với chất lượng full HD. Thú vị thay là ở điều kiện ánh sáng mờ hoặc thiếu sáng, camera trước có thể gộp chung 4 pixel lại thành một để giảm noise cho bức ảnh. Ngoài ra, chế độ selfie cũng hỗ trợ chụp ảnh toàn cảnh panorama, thích hợp cho tự sướng nhóm.\r\n\r\nU Ultra được trang bị pin dung lượng 3.000 mAh. HTC cho biết thiết bị sẽ có thể hoạt động với 26 giờ đàm thoại 3G/ 4G và có thời gian chờ lên đến 13 ngày. Trợ lý ảo HTC Sense Companion cũng sẽ không ngốn quá nhiều dung lượng pin.\r\n\r\nKết\r\nHTC đang mang đến kỉ nguyên mới với dòng điện thoại U. Thay vì chỉ nâng cấp thông số kỹ thuật, cải tiến phần cứng và độ phân giải để gây chú ý đến người dùng. U Ultra được thiết kế để đem lại cuộc sống dễ dàng hơn cho người dùng.\r\n\r\nThiết kế\r\n\r\nTrên mặt lý thuyết, những gì mà HTC mang đến trong thời gian tới như màn hình phụ và trợ lý ảo HTC Sense Companion sẽ góp phần khiến người dùng quản lý công việc và cuộc sống một cách đơn giản hơn. \r\n\r\nTrên tay HTC U Ultra: Kỷ nguyên mới của HTC\r\n\r\nThay vì hướng đến khẩu hiệu "Chỉ đơn giản là tuyệt vời“ (khẩu hiệu của HTC) tập trung vào sức mạnh, cấu hình,... Các sản phẩm trong tương lai sẽ hướng đến sự dễ dàng hơn cho người dùng. '),
(1, 22, 'Nokia 3', 3000000, 'Nokia', 'IPS LCD, 5", HD', 'Android 7.0 (Nougat)', '8 MP', '8 MP', 'MT6737 4 nhân', 2, 16, 'Nhựa, nhôm', 146, 2630, 'nokia3.jpg', 6, 'Thương hiệu Nokia vẫn rất được người dùng tin tưởng và đón chờ, năm nay hãng cũng đã đánh dấu sự trở lại với 3 mẫu điện thoại, Nokia 3 là một trong số đó.\r\nThiết kế hoàn thiện tốt\r\nNokia 3 vẫn có một phần nào đó thiết kế của hãng Nokia. Với thân máy polycarbonate điêu khắc và chế tác tỉ mỉ, khung nhôm mang lại cảm giác chắc chắn, từng chi tiết được hoàn thiện rất tốt tối ưu rất tốt cho việc sử dụng của người dùng.\r\n\r\nNokia 3\r\n\r\nBộ 3 phím điều hướng được đưa ra hết bên ngoài màn hình trả lại cho máy một mặt trước cân đối và có không gian hiển thị nội dung thoải mái.\r\n\r\nNokia 3\r\n\r\nMàn hình IPS LCD, 5 inch, độ phân giải 720 x 1280 pixels cho khả năng hiển thị tốt, khá chi tiết kết hợp với kính cường lực Gorilla Glass 3 sẽ bảo vệ thiết bị tốt hơn khỏi những trầy xước bên ngoài.\r\n\r\nNokia 3\r\n\r\nNgoài ra, màn hình của máy được làm cong 2.5D kết hợp với các cạnh máy được bo tròn nhẹ nhàng cho góc nhìn rộng và trải nghiệm thoải mái hơn.\r\n\r\nCấu hình ổn định\r\nNokia 3 được trang bị sẵn hệ điều hành Android 7.0 Nougat kết hợp với con chip MT6737 4 nhân cho tốc độ 1.3 Ghz mang lại một hiệu năng tạm ổn.\r\n\r\nNokia 3\r\n\r\nRAM 2 GB tuy không là một cấu hình mạnh mẽ nhưng vẫn đem lại cho máy một hiệu năng ổn định, ROM 16 GB đi cùng khả năng hỗ trợ thẻ nhớ ngoài lên đến 128 GB việc lưu trữ không còn là vấn đề nữa.\r\n\r\nNokia 3\r\n\r\nNokia 3 gần như xử lý tốt các tác vụ thông thường như lướt web, xem phim hay chơi các tựa game nhẹ khá trơn tru mà không gặp quá nhiều rắc rối.\r\n\r\nDung lượng pin 2630 mAh, với Nokia dung lượng này hứa hẹn cho một mức độ sử dụng tốt.\r\n\r\n2 camera cùng độ phân giải\r\nNokia 3 - 2 camera cùng độ phân giải\r\n\r\nSở hữu camera độ phân giải 8 MP lấy nét tự động ở cả mặt trước và mặt sau. Bạn có thể lưu và chia sẻ tất cả các bức ảnh của mình dễ dàng qua Google Photos một tiện ích của hệ điều hành Android.\r\n\r\nNokia 3\r\n\r\nĐồng thời, Nokia 3 còn sở hữu các tính năng khác như quay phim với đèn flash trợ sáng, camera trước có góc chụp lên tới 84 độ sắc nét cùng nhiều tính năng hỗ trợ chụp hình ấn tượng khác đang chờ người dùng khám phá.\r\n\r\nNokia 3\r\n\r\nVới một thương hiệu đã xây dựng được lòng tin với người tiêu dùng kết hợp với hệ điều hành dễ sử dụng, ứng dụng đa dạng thì Nokia 3 hứa hẹn sẽ có thể mang thương hiệu Nokia một lần nữa lấy lại thị phần.'),
(2, 23, 'iPad Pro 10.5 inch Wifi', 16990000, 'Apple', 'LED backlit LCD, 10.5', 'iOS 10', '12 MP', '7 MP', 'Apple A10X 6 nhân 64-bit', 4, 64, 'Nhôm nguyên khối', 469, 0, 'ipadpro10.5.jpg', 5, 'Đặc điểm nổi bật của iPad Pro 10.5 inch Wifi 64GB (2017)\r\n\r\nTìm hiểu thêm\r\nTìm hiểu thêm\r\nTìm hiểu thêm\r\niPad Pro 10.5 inch Wifi 64GB (2017) với kích thước màn hình nhỏ hơn, viền màn hình siêu mỏng cùng hiệu năng mạnh mẽ sẽ đáp ứng tốt cho bạn trong mọi nhu cầu sử dụng hằng ngày.\r\nThiết kế sang trọng\r\nĐiểm khác biệt lớn nhất ở mẫu iPad Pro 10.5 inch Wifi 64GB (2017) so với các thế hệ iPad cũ chính là phần viền màn hình của máy giờ đây đã được làm mỏng hơn rất nhiều so với các đàn anh đi trước.\r\n\r\niPad Pro 10.5 inch bên trái với viền màn hình siêu mỏng so với iPad Pro 9.7 inch\r\n\r\niPad Pro 10.5 inch bên trái với viền màn hình siêu mỏng so với iPad Pro 9.7 inch\r\n\r\nViệc tối giản được phần viền màn hình khiến kích thước của máy giảm đi đáng kể mà vẫn mang lại cho người dùng không gian trải nghiệm đầy đủ phần màn hình có kích thước lên tới 10.5 inch.\r\n\r\nKích thước 2 máy không khác biệt quá lớn\r\n\r\nKích thước 2 máy không khác biệt quá lớn (iPad Pro 10.5 inch bên trái, iPad Pro 9.7 inch bên phải)\r\n\r\nMáy vẫn được hoàn thiện từ kim loại nguyên khối, các góc cạnh bo cong mềm mại cho cảm giác cầm nắm thoải mái.\r\n\r\nTheo thứ tự dưới lên là iPad Pro 12.9 inch, iPad Pro 10.5 inch, iPad Pro 9.7 inch và iPad 5\r\n\r\nTheo thứ tự dưới lên là iPad Pro 12.9 inch, iPad Pro 10.5 inch, iPad Pro 9.7 inch và iPad 2017\r\n\r\nApple vẫn giữ nguyên 4 loa đặt ở 4 góc của máy để mang đến trải nghiệm âm thanh sống động cho người dùng.\r\n\r\nHiệu năng hàng đầu\r\nCấu hình cực mạnh chính là điểm đáng chú ý nhất của máy khi sử dụng con chip mới Apple A10X 6 nhân 64-bit cho hiệu năng tăng ấn tượng và khả năng tiết kiệm pin tốt hơn.\r\n\r\nMáy làm việc mượt mà và hiệu quả\r\n\r\nMáy làm việc mượt mà và hiệu quả\r\n\r\nNgoài ra máy còn sở hữu mức RAM khủng lên tới 4 GB cùng bộ nhớ trong lớn 64 GB khiến iPad Pro 10.5 inch 2017 có thể sử dụng mượt mà tất cả các game và ứng dụng đang có mặt trên thị trường.\r\n\r\nBàn phím giúp bạn làm việc nhanh chóng\r\n\r\nBàn phím giúp bạn làm việc nhanh chóng\r\n\r\nNgoài ra khi sử dụng với bàn phím Apple’s Smart Keyboard thì chiếc iPad Pro 10.5 inch của bạn có thể hoạt động như một chiếc laptop thực thụ.\r\n\r\nCamera được nâng cấp\r\nMáy sở hữu camera chính độ phân giải 12 MP, khẩu độ lớn F/1.8, hỗ trợ chống rung quang học OIS mang đến những bức ảnh ấn tượng không kém các smartphone cao cấp.\r\n\r\nCamera chính được làm lớn hơn so với thế hệ cũ\r\n\r\nCamera chính được làm lớn hơn so với thế hệ cũ\r\n\r\nCamera trước cũng có độ phân giải lớn 7 MP giúp bạn có thể thực hiện các cuộc gọi video hay chụp ảnh selfie vui vẻ với bạn bè.\r\n\r\nMột hình ảnh chụp trong nhà với iPad Pro 10.5 inch\r\n\r\nMột hình ảnh chụp trong nhà với iPad Pro 10.5 inch\r\n\r\nApple Pencil lợi hại hơn\r\nVới việc được trang bị GPU 12 lõi thì iPad Pro 10.5 inch mới cũng hỗ trợ video HDR với tần số quét 120 Hz giúp cho chiếc bút Apple Pencil thần thánh phản hồi nhanh hơn với độ chính xác chỉ 20 phần nghìn của giây.\r\n\r\nChiếc bút Apple Pencil không khác biệt nhiều so với các bút truyền thống\r\n\r\nChiếc bút Apple Pencil không khác biệt nhiều so với các bút truyền thống\r\n\r\n- Để sử dụng Apple Pencil, bạn gắn bút vào iPad Pro thông qua cổng Lightning, bluetooth trên máy sẽ nhận diện bút và kết nối ngay lập tức, rất nhanh chóng.\r\n\r\nDung lượng pin lớn\r\niPad Pro 2017 sở hữu thời gian sử dụng pin theo Apple công bố có thể lên tới 10 tiếng, đây quả là một con số rất ấn tượng với cấu hình khủng của máy.\r\n\r\nThoải mái sử dụng trong cả ngày dài\r\n\r\nThoải mái sử dụng trong cả ngày dài\r\n\r\nNếu bạn đang tìm kiếm cho mình một thiết bị có màn hình lớn, hiệu năng mạnh mẽ nhưng lại nhỏ gọn, dễ mang theo bên mình thì iPad Pro 10.5 inch sẽ là lựa chọn hoàn hảo dành cho bạn.'),
(2, 24, 'iPad Wifi Cellular 128GB', 14990000, 'Apple', 'IPS LCD, 9.7"', 'iOS 10', '8 MP', '1.2 MP', 'Apple A9 2 nhân 64-bit, 1.84 GHz', 2, 128, 'Nhôm nguyên khối', 478, 8600, 'ipadwificellular.jpg', 2, 'Dòng máy tính bảng iPad 9.7 inch NEW (2017) mới của Apple sở hữu cho mình cấu hình mạnh mẽ cùng mức giá bán rất hấp dẫn.\r\nThiết kế sang trọng\r\nVới chất liệu kim loại nguyên khối sang trọng, các chi tiết được gia công tỉ mỉ, tinh xảo khiến iPad đến nay vẫn được rất nhiều người yêu thích với vẻ ngoài cuốn hút của nó.\r\n\r\nNhiều màu sắc thời trang\r\n\r\nNhiều màu sắc thời trang\r\n\r\nCác phím bấm cho cảm giác chắc chắn, độ đàn hồi cao. Phần mặt lưng được bo cong mềm mại giúp bạn cầm thiết bị thoải mái hơn, không bị cấn tay hay gây cảm giác khó chịu.\r\n\r\nĐộ hoàn thiện cao\r\n\r\nĐộ hoàn thiện cao\r\n\r\nPhím Home của máy vẫn được tích hợp khả năng nhận diện vân tay giúp bạn mở khóa thiết bị nhanh chóng. Tuy nhiên so với thế hệ iPad Air 2 thì thế hệ iPad 2017 lại có trọng lượng nặng hơn và dày hơn đôi chút.\r\n\r\niPad 2017 bên phải có phần dày hơn người tiền nhiệm\r\n\r\niPad 2017 bên phải có phần dày hơn người tiền nhiệm\r\n\r\nCấu hình mạnh mẽ hơn\r\nVới con chip Apple A9 2 nhân 64-bit, 1.84 GHz, RAM 2 GB kết hợp với hệ điều hành iOS mượt mà sẽ mang lại cho bạn trải nghiệm mượt mà và trơn tru mà khó có thiết bị nào cùng phân khúc có thể đem lại.\r\n\r\nCấu hình khủng, đáp ứng mọi nhu cầu sử dụng của người dùng\r\n\r\nCấu hình khủng, đáp ứng mọi nhu cầu sử dụng của người dùng\r\n\r\nMàn hình hiển thị đẹp\r\nVới kích thước 9.7 inch kết hợp với tấm nền LED backlit LCD độ phân giải 1536 x 2048 pixels vẫn mang lại cho bạn khả năng hiển thị hình ảnh trung thực, sắc nét cùng góc nhìn rộng.\r\n\r\nMàn hình vẫn cho chất lượng tốt dù bị cắt giảm đôi chút\r\n\r\nMàn hình vẫn cho chất lượng tốt dù bị cắt giảm đôi chút\r\n\r\nĐáng tiếc là Apple đã loại bỏ đi công nghệ chống chói làm giảm đi khả năng hiển thị của máy dưới điều kiện ánh sáng mạnh.\r\n\r\nKết nối 4G tốc độ cao\r\nMáy được tích hợp khe cắm sim, hỗ trợ kết nối LTE Cat 4 giúp bạn thoải mái lướt facebook, chơi các tựa game online mọi lúc mọi nơi mà không phải phụ thuộc vào kết nối wifi.\r\n\r\nCó kết nối 4G tiện lợi\r\n\r\nCó kết nối 4G tiện lợi\r\n\r\nCamera chụp ảnh đẹp\r\nMáy vẫn sở hữu camera độ phân giải 8 MP, khẩu độ F/2.4, có lấy nét tự động và chống rung điện tử mang lại cho bạn những bức ảnh với chi tiết sắc nét, ít bị nhòe khi rung tay.\r\n\r\nCamera vẫn tốt dù chỉ có độ phân giải 8 MP\r\n\r\nCamera vẫn tốt dù chỉ có độ phân giải 8 MP\r\n\r\nMáy cũng hỗ trợ chụp ảnh Live Photo, quay video Slow Motion ở tốc độ 120 fps mang lại cho người dùng những đoạn video thú vị.\r\n\r\nẢnh chụp với điều kiện ánh sáng ban ngày\r\n\r\nẢnh chụp với điều kiện ánh sáng ban ngày\r\n\r\nCamera trước vẫn giữ nguyên độ phân giải chỉ 1.2 MP nhưng mang lại cho bạn chất lượng ảnh rất tốt, màu sắc hài hòa.\r\n\r\nDung lượng pin lớn\r\nSo với iPad Air 2 thì iPad mới cũng được Apple cải thiện dung lượng pin lên mức 8610 mAh đem lại thời gian sử dụng đã rất tốt nay còn tốt hơn nữa.\r\n\r\nThời gian sử dụng thoải mái, kéo dài nhiều ngày\r\n\r\nThời gian sử dụng thoải mái, kéo dài qua nhiều ngày\r\n\r\nVốn đã được nhiều người dùng yêu thích và sử dụng thì giờ đây với mức giá bán tốt hơn, cấu hình mạnh mẽ hơn thì iPad Wifi Cellular 128GB (2017) hứa hẹn sẽ lại đem về thành công lớn cho Apple.'),
(2, 25, 'iPad Wifi Cellular 32GB', 12990000, 'Apple', 'IPS LCD, 9.7"', 'iOS 10', '12 MP', '1.2 MP', 'Apple A9 2 nhân 64-bit, 1.84 GHz', 2, 32, 'Nhôm nguyên khối', 478, 8600, 'ipadwificellular.jpg', 2, 'Dòng máy tính bảng iPad Wifi Cellular 32GB (2017) mới của Apple sở hữu cho mình cấu hình mạnh mẽ cùng mức giá bán rất hấp dẫn.\r\nThiết kế sang trọng\r\nVới chất liệu kim loại nguyên khối sang trọng, các chi tiết được gia công tỉ mỉ, tinh xảo khiến iPad đến nay vẫn được rất nhiều người yêu thích với vẻ ngoài cuốn hút của nó.\r\n\r\nNhiều màu sắc thời trang\r\n\r\nNhiều màu sắc thời trang\r\n\r\nPhần mặt lưng được bo cong giúp bạn cầm thiết bị thoải mái hơn, không bị cấn tay hay gây cảm giác khó chịu.\r\n\r\nĐộ hoàn thiện cao\r\n\r\nĐộ hoàn thiện cao\r\n\r\nPhím Home của máy vẫn được tích hợp khả năng nhận diện vân tay giúp bạn mở khóa thiết bị nhanh chóng. Tuy nhiên so với thế hệ iPad Air 2 thì thế hệ iPad 2017 lại có trọng lượng nặng hơn và dày hơn đôi chút.\r\n\r\niPad 2017 bên phải có phần dày hơn người tiền nhiệm\r\n\r\niPad 2017 bên phải có phần dày hơn người tiền nhiệm\r\n\r\nCấu hình mạnh mẽ hơn\r\nVới con chip Apple A9 2 nhân 64-bit, 1.84 GHz, RAM 2 GB kết hợp với hệ điều hành iOS mượt mà sẽ mang lại cho bạn trải nghiệm mượt mà và trơn tru mà khó có thiết bị nào cùng phân khúc có thể đem lại.\r\n\r\nCấu hình khủng, đáp ứng mọi nhu cầu sử dụng của người dùng\r\n\r\nCấu hình khủng, đáp ứng mọi nhu cầu sử dụng của người dùng\r\n\r\nMàn hình hiển thị đẹp\r\nVới kích thước 9.7 inch kết hợp với tấm nền LED backlit LCD độ phân giải 1536 x 2048 pixels vẫn mang lại cho bạn khả năng hiển thị hình ảnh trung thực, sắc nét cùng góc nhìn rộng.\r\n\r\nMàn hình vẫn cho chất lượng tốt dù bị cắt giảm đôi chút\r\n\r\nMàn hình vẫn cho chất lượng tốt dù bị cắt giảm đôi chút\r\n\r\nĐáng tiếc là Apple đã loại bỏ đi công nghệ chống chói làm giảm đi khả năng hiển thị của máy dưới điều kiện ánh sáng mạnh.\r\n\r\nKết nối 4G tốc độ cao\r\nMáy được tích hợp khe cắm sim, hỗ trợ kết nối LTE Cat 4 giúp bạn thoải mái lướt facebook, chơi các tựa game online mọi lúc mọi nơi mà không phải phụ thuộc vào kết nối wifi.\r\n\r\nCó kết nối 4G tiện lợi\r\n\r\nCó kết nối 4G tiện lợi\r\n\r\nCamera chụp ảnh đẹp\r\nMáy vẫn sở hữu camera độ phân giải 8 MP, khẩu độ F/2.4, có lấy nét tự động và chống rung điện tử mang lại cho bạn những bức ảnh với chi tiết sắc nét, ít bị nhòe khi rung tay.\r\n\r\nCamera vẫn tốt dù chỉ có độ phân giải 8 MP\r\n\r\nCamera vẫn tốt dù chỉ có độ phân giải 8 MP\r\n\r\nMáy cũng hỗ trợ chụp ảnh Live Photo, quay video Slow Motion ở tốc độ 120 fps mang lại cho người dùng những đoạn video thú vị.\r\n\r\nẢnh chụp với điều kiện ánh sáng ban ngày\r\n\r\nẢnh chụp với điều kiện ánh sáng ban ngày\r\n\r\nCamera trước vẫn giữ nguyên độ phân giải chỉ 1.2 MP nhưng mang lại cho bạn chất lượng ảnh rất tốt, màu sắc hài hòa.\r\n\r\nDung lượng pin lớn\r\nSo với iPad Air 2 thì iPad mới cũng được Apple cải thiện dung lượng pin lên mức 8610 mAh đem lại thời gian sử dụng đã rất tốt nay còn tốt hơn nữa.\r\n\r\nThời gian sử dụng thoải mái, kéo dài nhiều ngày\r\n\r\nThời gian sử dụng thoải mái, kéo dài qua nhiều ngày\r\n\r\nVốn đã được nhiều người dùng yêu thích và sử dụng thì giờ đây với mức giá bán tốt hơn, cấu hình mạnh mẽ hơn thì iPad Wifi Cellular 32GB (2017) hứa hẹn sẽ lại đem về thành công lớn cho Apple.'),
(2, 26, 'iPad Wifi 128GB (2017)', 10990000, 'Apple', 'IPS LCD, 9.7"', 'iOS 10', '8 MP', '1.2 MP', 'Apple A9 2 nhân 64-bit, 1.84 GHz', 2, 128, 'Nhôm nguyên khối', 478, 8600, 'ipadwifi128gb2017.jpg', 4, 'iPad Wifi 128GB (2017) là một bản nâng cấp nhẹ của chiếc iPad Air 2 đã ra mắt từ năm 2014 với một số thay đổi về ngoại hình và cấu hình được nâng cấp mạnh mẽ hơn.\r\nThiết kế sang trọng\r\niPad vẫn là một trong những mẫu máy tính bảng được rất nhiều người ưa chuộng bởi vẻ ngoài sang trọng và thời trang. Chất liệu kim loại cùng logo Apple đặc trưng khó lẫn lộn với các tablet khác.\r\n\r\nThiết kế vẫn rất cuốn hút người dùng\r\n\r\nThiết kế vẫn rất cuốn hút người dùng\r\n\r\nMáy cho cảm giác cầm nắm thoải mái nhờ các góc cạnh được bo cong mềm mại. Tuy nhiên so với thế hệ iPad Air 2 thì thế hệ iPad 2017 lại có trọng lượng nặng hơn và dày hơn đôi chút.\r\n\r\nKích thước có phần dày hơn thế hệ cũ\r\n\r\nKích thước có phần dày hơn thế hệ cũ\r\n\r\nTổng thế máy vẫn được hoàn thiện rất tốt, các phím bấm chắc chắn, độ đàn hồi cao. Phím Home vẫn được tích hợp cảm biến vân tay Touch ID.\r\n\r\nCấu hình mạnh mẽ hơn\r\nVới con chip Apple A9 2 nhân 64-bit, 1.84 GHz, RAM 2 GB kết hợp với bộ nhớ trong có dung lượng lên tới 128 GB cho bạn thoải mái cài đặt game, ứng dụng cũng như lưu trữ dữ liệu cá nhân.\r\n\r\nNgười dùng iPad vẫn luôn hài lòng về hiệu năng mà máy mang lại\r\n\r\nNgười dùng iPad vẫn luôn hài lòng về hiệu năng mà máy mang lại\r\n\r\nMàn hình hiển thị đẹp\r\nVới kích thước 9.7 inch kết hợp với tấm nền LED backlit LCD độ phân giải 1536 x 2048 pixels vẫn mang lại cho bạn khả năng hiển thị hình ảnh trung thực, sắc nét cùng góc nhìn rộng.\r\n\r\nMàn hình vẫn đẹp và sắc nét dù bị cắt giảm đôi chút\r\n\r\nMàn hình vẫn đẹp và sắc nét dù bị cắt giảm đôi chút\r\n\r\nĐáng tiếc là Apple đã loại bỏ đi công nghệ chống chói làm giảm đi khả năng hiển thị của máy dưới điều kiện ánh sáng mạnh.\r\n\r\nCamera chụp ảnh đẹp\r\nMáy vẫn sở hữu camera độ phân giải 8 MP, khẩu độ F/2.4, có lấy nét tự động và chống rung điện tử mang lại cho bạn những bức ảnh với chi tiết sắc nét, ít bị nhòe khi rung tay.\r\n\r\nVẫn chỉ là camera 8 MP nhưng chất lượng ảnh cho ra khá ấn tượng\r\n\r\nVẫn chỉ là camera 8 MP nhưng chất lượng ảnh cho ra khá ấn tượng\r\n\r\nMáy cũng hỗ trợ chụp ảnh Live Photo, quay video Slow Motion ở tốc độ 120 fps mang lại cho người dùng những đoạn video thú vị.\r\n\r\nMột bức ảnh chụp bởi iPad 2017\r\n\r\nMột bức ảnh chụp bởi iPad 2017\r\n\r\nCamera trước vẫn giữ nguyên độ phân giải chỉ 1.2 MP nhưng mang lại cho bạn chất lượng ảnh rất tốt, màu sắc hài hòa.\r\n\r\nDung lượng pin lớn\r\nSo với iPad Air 2 thì iPad mới cũng được Apple cải thiện dung lượng pin lên mức 8610 mAh đem lại thời gian sử dụng đã rất tốt nay còn tốt hơn nữa.\r\n\r\nThoải mái làm việc và giải trí với iPad 2017\r\n\r\nThoải mái làm việc và giải trí với iPad 2017\r\n\r\nVới mức giá bán hấp dẫn cùng cấu hình được nâng cấp mạnh mẽ hơn thì iPad 2017 xứng đáng để thay thế cho chiếc iPad Air 2 đã rất thành công trên thị trường.'),
(2, 27, 'Samsung Galaxy Tab A6', 7990000, 'Samsung', 'PLS LCD, 10.1"', 'Android 6.0 (Marshmallow)', '8 MP', '2 MP', 'Exynos 7870 8 nhân, 1.6 GHz', 3, 16, 'Nhựa', 560, 7300, 'samsunggalaxytaba6.jpg', 3, 'Tiếp nối sự thành công của chiếc Samsung Galaxy Tab A thì mới đây Samsung đã giới thiệu phiên bản cải tiến là chiếc Galaxy Tab A6 10.1 với nhiều nâng cấp đáng giá về cấu hình và thiết kế.\r\nThiết kế chưa đổi mới, ấn tượng với vỏ nhựa nhám\r\nLà dòng máy trong phân khúc tầm trung, Samsung Galaxy Tab A6 10.1 Spen được thiết kế với vỏ nhựa nhám nhẹ cùng các góc bo tròn cho cảm giác chắc chắn, không bám vân tay khi cầm.\r\n\r\nThiết kế quen thuộc của Samsung\r\n\r\nThiết kế quen thuộc của Samsung\r\n\r\nMặt lưng nhựa nhám mịn\r\n\r\nMặt lưng nhựa nhám mịn\r\n\r\nMáy sở hữu độ mỏng khá ấn tượng\r\n\r\nMàn hình hiển thị đẹp, sử dụng tốt dưới ánh nắng\r\nSở hữu màn hình kích thước 10.1 inch không quá lớn, có thể nhét vừa một chiếc balo dạng nhỏ, Samsung Galaxy Tab A6 10.1 Spen sử dụng tấm nền PLS LCD cho khả năng hiển thị tốt.\r\n\r\nĐộ phân giải  WUXGA 1920 x 1200 pixels cho chất lượng hình ảnh sắc nét, sử dụng tốt khi đi ngoài trời.\r\n\r\nMàn hình lớn hiển thị đẹp tối ưu cho giải trí và làm việc\r\n\r\nMàn hình lớn hiển thị đẹp tối ưu cho giải trí và làm việc\r\n\r\nVi xử lý mạnh, hiệu năng cao\r\nĐược trang bị chip Exynos 7870 8 nhân 3 GB RAM cùng 16 GB bộ nhớ trong, Samsung Galaxy Tab A6 10.1 Spen có hiệu năng khá ổn định so với mức giá.\r\n\r\nThử nghiệm cho thấy máy hoạt động tốt trên các tựa game như Asphalt 8 hay N.O.V.A 3 khá mượt mà, không bị giật, lag ở mức độ đồ họa trung bình.\r\n\r\nKhả năng đa nhiệm của máy được tối ưu với RAM lớn và màn hình lớn thuận tiện cho các ứng dụng văn phòng, các công cụ giải trí...\r\n\r\nGalaxy Tab A6 10.1 Spen chơi game khá ổn\r\n\r\nGalaxy Tab A6 10.1 Spen chơi game khá ổn\r\n\r\nHỗ trợ kết nối 3G/4G\r\nMáy cũng hỗ trợ khe cắm thẻ nhớ mở rộng tối đa lên tới 256 GB cùng 1 khe cắm Nano Sim và kết nối 4G tốc độ cao giúp bạn truy cập internet với tốc độ nhanh chóng.\r\n\r\nBút Spen tiện dụng\r\nChiếc bút Spen quen thuộc đã quay lại với thiết kế Samsung Galaxy Tab A6 10.1 Spen. Giờ đây ghi chú đã không còn khó khi bạn có thể nhanh chóng ghi lên màn hình, chọn các đối tượng văn bản...\r\n\r\nBút Spen với nhiều tính năng thú vị\r\n\r\nBút Spen với nhiều tính năng thú vị\r\n\r\nThử nghiệm ban đầu với bút Spen trên Samsung Galaxy Tab A6 10.1 Spen cho cảm giác cảm ứng mượt, màn hình ghi chú rộng.\r\n\r\nTuy nhiên, bút còn hạn chế khi không thể hiện được nhiều nét khác nhau, chưa được tối ưu hóa như các dòng Spen cao cấp. Đi kèm theo máy là bộ ngòi bút thay thế đa dạng, có thể khắc phục được khuyết điểm này.\r\n\r\nCamera chụp ảnh chất lượng cao\r\nGalaxy Tab A6 10.1 Spen được trang bị camera chính độ phân giải 8 MP, khẩu độ F/1.9 kèm đèn flash LED đơn. Máy cũng hỗ trợ quay phim với độ phân giải Full HD cho bạn những thước video đẹp mắt. Ảnh chụp ban ngày của máy có chi tiết khá cao, màu sắc hài hòa.\r\n\r\nMáy sở hữu camera khá trong tầm giá\r\n\r\nMáy sở hữu camera khá trong tầm giá\r\n\r\nCamera trước của máy có độ phân giải 2 MP khẩu độ F/2.2 giúp bạn có thể thực hiện các cuộc gọi video vui vẻ với bạn bè có chất lượng tốt.\r\n\r\nDung lượng pin khá\r\nGalaxy Tab A6 10.1 Spen được trang bị pin Li-ion có dung lượng 7300 mAh cao hơn khá nhiều so với các thế hệ trước. Bạn có thể chơi game liên tục với máy trong khoảng hơn 5 giờ và có khoảng hơn 10 giờ xem video liên tục.\r\n\r\nThời lượng pin thoải mái cho cả ngày sử dụng\r\n\r\nThời lượng pin thoải mái cho cả ngày sử dụng\r\n\r\nVới giá bán hợp lý cùng thiết kế đẹp, pin trâu và hiệu năng khá thì Galaxy Tab A6 10.1 Spen xứng đáng được sát cánh bên bạn cho các tác vụ làm việc và giải trí hằng ngày.'),
(2, 28, 'Huawei MediaPad M3', 5990000, 'Huawei', 'IPS LCD, 8"', 'Android 7.0', '8 MP', '8 MP', 'Qualcomm MSM8940, 1.4 GHz', 3, 32, 'Nhựa và Kim loại', 310, 4800, 'huaweimediapadm3.jpg', 5, 'Đặc điểm nổi bật của Huawei MediaPad M3 8.0 (2017)\r\n\r\nTìm hiểu thêm\r\nTìm hiểu thêm\r\nTìm hiểu thêm\r\nBộ sản phẩm chuẩn: Adapter, Sách hướng dẫn, Bao da (Flipcover), Cáp Micro USB, Cây lấy sim, Hộp máy\r\n\r\nHuawei MediaPad M3 8.0 là mẫu máy tính bảng chủ lực của Huawei trong năm 2017 với điểm nhấn là cấu hình mạnh mẽ cùng hệ thống âm thanh được đầu tư kỹ lưỡng.\r\nThiết kế mỏng đẹp\r\nHuawei MediaPad M3 có một thiết kế khá đẹp, nguyên khối cứng cáp và cực kì chắc chắn.\r\n\r\nChất liệu kim loại sang trọng\r\n\r\nChất liệu kim loại sang trọng\r\n\r\nMặt trước của máy trông giống với người đàn anh MediaPad M3 8.4 với camera trước, logo Huawei và nút Home cảm ứng tích hợp cảm biến vân tay một chạm.\r\n\r\nCảm biến vân tay nhanh, nhạy\r\n\r\nCảm biến vân tay nhanh, nhạy\r\n\r\nCảm biến vân tay này có tốc độ nhận diện rất nhanh và chính xác, bạn có thể mở khóa màn hình dễ dàng hơn rất nhiều so với việc nhập mật khẩu như trước đây.\r\n\r\nMặt lưng trống trải, đẹp mắt\r\n\r\nMặt lưng trống trải, đẹp mắt\r\n\r\nDải nhựa dùng để làm ăng-ten thu sóng trên các máy kim loại nguyên khối đã được Huawei loại bỏ mặc dù máy vẫn hỗ trợ kết nối 4G tốc độ cao, điều này giúp máy trông liền mạch và bắt mắt hơn.\r\n\r\nMáy sở hữu độ mỏng khá ấn tượng\r\n\r\nMáy sở hữu độ mỏng khá ấn tượng\r\n\r\nPhần khung viền kim loại được điểm tô hai đường diamond cut bóng loáng, sang trọng và tinh tế.\r\n\r\nMàn hình hiển thị đẹp\r\nMặt trước là màn hình 8 inch độ phân giải 1920x1200 pixels, chiếm tỉ lệ 70.6% diện tích mặt trước khiến chiếc máy khá nhỏ gọn.\r\n\r\nMàn hình hiển thị sắc nét\r\n\r\nMàn hình hiển thị sắc nét\r\n\r\nMáy sử dụng tấm nền IPS LCD cho hình ảnh hiển thị trung thực cùng góc nhìn rộng.\r\n\r\nCamera chất lượng tốt\r\nHuawei MediaPad M3 8.0 hỗ trợ camera trước và sau đều cùng độ phân giải 8 MP, khẩu độ F/2.0 và cho phép quay video 1080p@30fps.\r\n\r\nGiao diện camera đơn giản, dễ sử dụng\r\n\r\nGiao diện camera đơn giản, dễ sử dụng\r\n\r\nTrong điều kiện đủ sáng ảnh cho ra có chất lượng tốt, màu sắc và chi tiết lên hài hòa.\r\n\r\nẢnh đủ sáng đẹp và rất đáng khen\r\n\r\nẢnh đủ sáng đẹp và rất đáng khen\r\n\r\nCamera trước độ phân giải lớn giúp bạn có thể selfie với bạn bè hay thực hiện các cuộc gọi video trên mạng xã hội với hình ảnh chất lượng.\r\n\r\nHiệu năng ổn định\r\nMediaPad M3 8.0 sử dụng con chip Snapdragon 435, 64-bit gồm 8 nhân và tích hợp modem LTE X8. Đi kèm là 3 GB RAM, 32 GB ROM, tất nhiên vẫn hỗ trợ khe cắm thẻ nhớ tối đa 128 GB.\r\n\r\n3 GB RAM giúp bạn sử dụng dài ngày khá mượt\r\n\r\n3 GB RAM giúp bạn sử dụng dài ngày khá mượt\r\n\r\nMáy được chạy trên nền Android 7.0, tùy biến giao diện EMUI 5.1 cho phản hồi khá tốt.\r\n\r\nThỏa thích chơi game\r\n\r\nThỏa thích chơi game\r\n\r\nBạn có thể chơi các tựa game nặng như Asphalt 8: Airborne, Liên Quân Mobile mà máy vẫn cho cảm giác chơi mượt mà không giật lag.\r\n\r\nÂm thanh hàng đầu\r\nMáy sử dụng hệ thống loa của Harman Kardon làm chung với Huawei mang đến trải nghiệm xem phim, giải trí tuyệt vời.\r\n\r\nÂm thanh vượt trội so với các đối thủ\r\n\r\nÂm thanh vượt trội so với các đối thủ\r\n\r\nNhìn chung thì đây là một tablet Android rất đáng sở hữu vào thời điểm hiện tại với thiết kế đẹp, màn hình vừa đủ dùng, âm thanh sống động.'),
(2, 29, 'Samsung Galaxy Tab A', 5490000, 'Samsung', 'PLS TFT, 8"', 'Android 7.0', '16 MP', '8 MP', 'Qualcomm MSM8917, 1.4 GHz', 2, 16, 'Nhựa - mặt lưng kim loại', 364, 5000, 'samsunggalaxytab.jpg', 2, 'Đặc điểm nổi bật của Samsung Galaxy Tab A 8.0 (2017)\r\n\r\nTìm hiểu thêm\r\nBộ sản phẩm chuẩn: Adapter, Sách hướng dẫn, Cáp chuyển, Hộp máy, Cây lấy sim\r\n\r\nSamsung Galaxy Tab A 8.0 (2017) mới có màn hình tỉ lệ 4:3 với không gian hiển thị rộng thông minh cho người dùng.\r\nMàn hình rộng hiển thị thông tin trọn vẹn\r\nVới cách bố trí chiều ngang và dọc theo tỉ lệ 4:3 thông minh, những thông tin bạn đọc trên một trang web hay tài liệu được hiển thị nhiều và trọn vẹn trong một khung hình hơn.\r\n\r\nMáy sử dụng công nghệ hiển thị PLS TFT, độ phân giải 1280 x 800 pixels cho hình ảnh hiển thị chi tiết, giúp bạn thoải mái lướt web hay xem phim phụ đề mà không mỏi mắt.\r\n\r\nSamsung Galaxy Tab A 8.0 (2017) - Màn hình rộng hiển thị thông tin trọn vẹn\r\n\r\nLướt web nhanh hơn với công nghệ kết nối 4G\r\nVới sự phát triển và phổ biến của mạng 4G hiện nay thì việc Galaxy A 8.0 (2017) được trang bị tính năng này cũng không phải là quá bất ngờ. 4G sẽ giúp bạn lướt web nhanh hơn, tốc độ tải một trang web hay một ứng dụng bất kỳ đều nhanh gấp 2 đến 3 lần so với 3G trước đây.\r\n\r\n=> Chọn mua sim 4G dung lượng cao.\r\n\r\nSamsung Galaxy Tab A 8.0 (2017) - Lướt web nhanh hơn với công nghệ kết nối 4G\r\n\r\nCamera 8 MP chất lượng tốt hơn\r\nTuy là dòng máy tính bảng nhưng Galaxy A 8.0 (2017) vẫn được trang bị camera chính 8 MP có khẩu độ f1.9 như những dòng flagship cao cấp trên thị trường hiện nay.\r\n\r\nNhiều tính năng của smartphone được đưa vào như chạm lấy nét, lấy nét tự động, chỉnh sáng tốt, chụp HDR...\r\n\r\nSamsung Galaxy Tab A 8.0 (2017) - Camera 8 MP chất lượng tốt hơn\r\n\r\nCamera phụ phía trước cũng có độ phân giải tốt 5 MP, tính năng chỉnh sửa khuôn mặt, làm mịn da... rất được nhiều bạn trẻ yêu thích và sử dụng.\r\n\r\nDung lượng pin được cải thiện\r\nDung lượng pin 5.000 mAh cùng những tính năng tiết kiệm pin như Power Saving and Ultra Power Saving Mode giúp kéo dài thời gian sử dụng lên đến 12 giờ, cho bạn những trải nghiệm tốt nhất.'),
(2, 30, 'Huawei MediaPad', 4990000, 'Huawei', 'PLS LCD, 10"', 'Android 7.0', '5 MP', '2 MP', 'Qualcomm MSM8917, 1.4 GHz', 2, 16, 'Nhựa và kim loại', 460, 4800, 'huaweimediapadt3.jpg', 3, 'Đặc điểm nổi bật của Huawei MediaPad T3 10 (2017)\r\n\r\nTìm hiểu thêm\r\nBộ sản phẩm chuẩn: Adapter, Sách hướng dẫn, Cáp Micro USB, Hộp máy\r\n\r\nHuawei MediaPad T3 10 (2017) là chiếc máy tính bảng với màn hình kích thước lớn cùng khe cắm sim tiện lợi giúp người dùng có thể nghe gọi như một chiếc smartphone.\r\nThiết kế mỏng, đẹp\r\nVề tổng thể, máy nổi bật với phần khung viền kim loại sang trọng, kết hợp màu sắc hiện đại cho cảm giác khá thanh lịch, nhẹ nhàng.\r\n\r\nThiết kế đơn giản nhưng vẫn thu hút được người dùng\r\n\r\nThiết kế đơn giản nhưng vẫn thu hút được người dùng\r\n\r\nNgoài ra, với trọng lượng khá nhẹ cùng với 4 góc bo tròn giúp máy có trải nghiệm cầm nắm khá thoải mái.\r\n\r\nCác phím bấm được hoàn thiện tốt, độ đàn hồi cao\r\n\r\nCác phím bấm được hoàn thiện tốt, độ đàn hồi cao\r\n\r\nMàn hình hiển thị tốt\r\nSở hữu màn hình kích thước 10 inch không quá lớn, có thể nhét vừa một chiếc balo dạng nhỏ, Huawei MediaPad T3 10 (2017) Spen sử dụng tấm nền PLS LCD cho khả năng hiển thị tốt.\r\n\r\nMàn hình lớn cho trải nghiệm, sử dụng thoải mái\r\n\r\nMàn hình lớn cho trải nghiệm, sử dụng thoải mái\r\n\r\nĐộ phân giải 1280 x 800 pixels cho chất lượng hình ảnh sắc nét, sử dụng tốt khi đi ngoài trời.\r\n\r\nCấu hình ổn định\r\nCung cấp sức mạnh cho máy là con chip Qualcomm MSM8917 và RAM 2 GB hoàn toàn đáp ứng tốt các nhu cầu thường ngày của bạn, từ đọc báo online, lướt facebook hay xem phim đến chơi game.\r\n\r\nHiệu năng không quá ấn tượng nhưng với tác vụ cơ bản máy vẫn hoạt động ổn định\r\n\r\nHiệu năng không quá ấn tượng nhưng với tác vụ cơ bản máy vẫn hoạt động ổn định\r\n\r\nKhả năng chơi game nặng của máy sẽ có phần hạn chế, dù vậy so với tầm giá thì trải nghiệm trên MediaPad T3 10 (2017) vẫn khá ấn tượng.\r\n\r\nHuawei cũng không quên trang bị cho máy nhiều tiện ích đi kèm giúp bạn khai thác tối đa màn hình lớn của máy\r\n\r\nHuawei cũng không quên trang bị cho máy nhiều tiện ích đi kèm giúp bạn khai thác tối đa màn hình lớn của máy\r\n\r\nMediaPad T3 10 (2017) hoạt động trên nền tảng Android 7 mới mẻ nên sở hữu cho mình khả năng chia đôi màn hình để sử dụng hai ứng dụng cùng một lúc. Kết hợp với màn hình kích thước lớn thì đây quả là một lợi thế rất lớn cho những người thích làm việc đa nhiệm.\r\n\r\nCamera đủ dùng\r\nViệc chụp ảnh bằng một chiếc máy tính bảng chưa bao giờ được người dùng đánh giá cao và Huawei cũng chỉ trang bị cho MediaPad T3 10 (2017) bộ đôi camera đủ đáp ứng các nhu cầu cơ bản.\r\n\r\nBộ đôi camera giúp bạn lưu lại những khoảnh khắc đáng nhớ\r\n\r\nBộ đôi camera giúp bạn lưu lại những khoảnh khắc đáng nhớ\r\n\r\nMáy sở hữu camera sau độ phân giải 5 MP, ảnh chụp ở điều kiện ban ngày ở mức chấp nhận được mặc dù màu sắc có phần hơi nhợt nhạt so với thực tế.\r\n\r\nCamera trước giúp bạn có thể thực hiện các cuộc gọi video với bạn bè\r\n\r\nCamera trước giúp bạn có thể thực hiện các cuộc gọi video với bạn bè\r\n\r\nCòn camera trước cũng có độ phân giải chỉ dừng lại ở mức 2 MP nhưng cũng đủ để chúng ta thực hiện các cuộc gọi video.\r\n\r\nHỗ trợ kết nối 3G/4G\r\nMáy cũng hỗ trợ khe cắm thẻ nhớ mở rộng tối đa lên tới 32 GB cùng 1 khe cắm Nano Sim và kết nối 4G tốc độ cao giúp bạn truy cập internet với tốc độ nhanh chóng.'),
(2, 31, 'Samsung Galaxy Tab E', 4490000, 'Samsung', 'TFT, 9.6"', 'Android 4.4', '5 MP', '2 MP', 'Spreadtrum 4 nhân, 1.3 GHz', 2, 8, 'Nhựa', 0, 0, 'samsung-galaxy-tab.jpg', 4, 'Đặc điểm nổi bật của Samsung Galaxy Tab E 9.6 (SM-T561)\r\n\r\nBộ sản phẩm chuẩn: Adapter, Sách hướng dẫn, Cáp Micro USB, Hộp máy\r\n\r\nSamsung Galaxy Tab E 9.6 là một sự lựa chọn cho bạn thích một chiếc máy có màn hình lớn để giải trí thoải mái hơn nhưng cấu hình không quá thấp.\r\nThiết kế với mặt lưng đẹp\r\nMàn hình 9,6” rộng rãi khiến cho thân máy khá to, không thể cầm thoải mái với 1 tay khi sử dụng. Thân máy mỏng chỉ 8.5mm cá tính.\r\n\r\nMặt lưng được làm nhám với hoa văn nổi, cho cảm giác cầm tốt hơn, phần này có thể tháo rời\r\n\r\nHoạ tiết ở mặt lưng máy, logo Samsung đặc trưng\r\n\r\nMáy mỏng đẹp, các phím vật lí được tập trung nhiều ở cạnh trái máy\r\n\r\nMáy mỏng đẹp, không quá dày\r\n\r\nTuy nhiên, trọng lượng chỉ 495g - vừa bằng một thanh socola nhỏ khiến cho máy dễ cầm chắc tay, dễ dàng vận chuyển, lưu động khi sử dụng.\r\n\r\nMặt lưng có các hoạ tiết các chấm nổi vừa tạo điểm nhấn, vừa giúp bạn cầm máy được chắc chắn hơn, hạn chế trơn tay, bám vân tay khi sử dụng.\r\n\r\nKhe gắn sim và mở rộng thẻ nhớ tối đa 128 GB\r\n\r\nKhe gắn sim và mở rộng thẻ nhớ tối đa 128 GB\r\n\r\nGiải trí thích hơn\r\nMàn hình lớn 9.6 inch sử dụng công nghệ TFT với độ phân giải chỉ có 1280 x 800 px dàn trải trên một kích thước lên tới gần 10" thì sẽ rỗ khá nhiều, nhưng vẫn đảm bảo chất lượng trung bình, đem lại nhiều không gian để giải trí cũng như cho công việc riêng của bạn.\r\n\r\nKhông gian giải trí lớn là điểm sáng lớn của Galaxy Tab E\r\n\r\nKhông gian giải trí lớn là điểm sáng lớn của Galaxy Tab E\r\n\r\nHiệu năng ổn định, cấu hình phù hợp\r\nMáy được trang bị bộ vi xử lý 4 nhân, trang bị RAM 1,5 GB, dung lượng bộ nhớ trong 8 GB có thể phục vụ tốt hầu hết các nhu cầu làm việc và giải trí cơ bản.\r\n\r\nMáy không bị nóng khi sử dụng 3G hay chơi video trong thời gian dài. Tuy nhiên đối với 1 số thử nghiệm hiệu năng, chiếc Tablet này cho một kết quả không quá nổi trội so với Tablet tầm trung.\r\n\r\n\r\nMáy sử dụng chip Exynos của hãng tự sản xuất, RAM 1.5 GB và bộ nhớ trong 8 GB vừa đủ tốt để máy có thể chạy đa nhiệm (Nguồn: Youtube)\r\n\r\nVới bộ nhớ trong 8GB, máy không gây ấn tượng mạnh. Tuy nhiên, nhằm khắc phục điểm yếu này, khe cắm thẻ nhớ đã được tích hợp vào máy, có thể lên đến 128GB bổ trợ.\r\n\r\nMáy có hỗ trợ MicroSim cùng khả năng kết nối 3G tuyệt vời, cho bạn luôn giữ được kết nối với bạn bè và thế giới. Bạn cũng có thể điện thoại, gửi tin nhắn ngay trên chiếc tablet của mình!\r\n\r\nCác tiện ích khi sử dụng\r\nVới mức giá rẻ, hình ảnh được thực hiện bởi camera 5MP khá rõ nét. Tuy màu sắc không được mịn nhưng với những tích hợp chỉnh sửa ảnh, hỗ trợ camera của Samsung, bạn sẽ có những tấm ảnh tuyệt vời!\r\n\r\nCamera chính 5 MP cùng camera phụ 2 MP cho bạn thoải mái chụp hình tốt khi cần thiết, camera phụ độ phân giải tốt cho hình ảnh rõ khi thực hiện các cuộc gọi video call\r\n\r\nCamera chính 5 MP cùng camera phụ 2 MP cho bạn thoải mái chụp hình tốt khi cần thiết, camera phụ độ phân giải tốt cho hình ảnh rõ khi thực hiện các cuộc gọi video call\r\n\r\nBạn có thể thực hiện các cuộc gọi hay nhắn tin như một chiếc điện thoại thực sự\r\n\r\nBạn có thể thực hiện các cuộc gọi hay nhắn tin như một chiếc điện thoại thực sự\r\n\r\nAn tâm hơn khi cho bé sử dụng máy với tính năng Kids Mode\r\n\r\nAn tâm hơn khi cho bé sử dụng máy với tính năng Kids Mode\r\n\r\n- Để sử dụng, bạn tải Kids Mode trong Galaxy Apps về và đăng ký tài khoản để sử dụng.\r\n\r\nDung lượng pin 5000 mAh vừa đủ dùng, bạn có thể chỉnh chế độ siêu tiết kiệm pin để kéo dài thời gian sử dụng hơn\r\n\r\nDung lượng pin 5000 mAh vừa đủ dùng, bạn có thể chỉnh chế độ siêu tiết kiệm pin để kéo dài thời gian sử dụng hơn\r\n\r\nPin được trang bị cho Samsung Galaxy Tab E 9.6 là loại pin Lithium - Ion với 5000mAh có thể trải nghiệm máy suốt cả ngày mà không phải lo ngại về vấn đề hết pin giữa chừng hay bất tiện mang theo các thiết bị sạc.\r\n\r\nMáy còn trang bị chế độ siêu tiết kiệm pin bằng cách sử dụng bốn mục màn hình tối giản cùng với việc tắt dữ liệu di động khi màn hình tắt, cho phép sử dụng máy với khoảng thời gian đến gần 15 tiếng ở mức 16% pin.\r\n\r\nĐể sử dụng, bạn làm như sau:\r\n\r\n- Bạn vào cài đặt > chế độ siêu tiết kiệm pin > bật lên để sử dụng.\r\n\r\n- Máy làm đen nền và hạn chế ứng dụng, không làm đen các ứng dụng có sẵn.\r\n\r\nSamsung Galaxy Tab E 9.6 là sự lựa chọn giá tốt cho bạn khi muốn có một chiếc máy màn hình lớn để sử dụng thoải mái hơn.');
INSERT INTO `SanPham` (`MaLoai`, `MaSP`, `TenSP`, `Gia`, `Hang`, `ManHinh`, `HeDieuHanh`, `CamSau`, `CamTruoc`, `CPU`, `Ram`, `BoNho`, `ChatLieu`, `TrongLuong`, `DungLuongPin`, `Anh`, `SoLuong`, `DacDiem`) VALUES
(2, 32, 'Huawei MediaPad T1', 2990000, 'Huawei', 'IPS WXGA, 8"', 'Android 4.3', '5 MP', '0.3 MP', 'ARM Cortex A7 (MSM 8210) 4 nhân, 1.2 GHz', 1, 8, 'Nhựa + nắp nhôm', 360, 4800, 'huawei-mediapad-t1.jpg', 2, 'Đặc điểm nổi bật của Huawei MediaPad T1 8.0\r\n\r\nBộ sản phẩm chuẩn: Adapter, Sách hướng dẫn, Cáp Micro USB, Hộp máy\r\n\r\nHuawei MediaPad T1 8.0 mang lại không gian giải trí với màn hình lớn, cấu hình khá ổn trong tầm giá.\r\nGiải trí thoải mái hơn với màn hình to\r\nVới màn hình to 8 inch, không gian được mở rộng hơn để bạn sử dụng thoải mái, máy sử dụng thêm tấm nền IPS nhằm giúp tăng góc nhìn rộng xung quanh.\r\n\r\nMàu sắc hiển thị trên máy khá đẹp mắt\r\n\r\nMàu sắc hiển thị trên máy khá đẹp mắt\r\n\r\nMàn hình Huawei MediaPad T1 8.0 được nâng cấp với độ phân giải 1280 x 800 có khả năng tái hiện đến 90% dãy màu Adobe RGB. Tỷ lệ khung hình 16: 9 mang đến những trải nghiệm tốt, hạn chế hiện tượng mờ lóa.\r\n\r\nVới lối thiết kế này, bạn sẽ có những hình ảnh với màu sắc tươi tắn và sống động hơn cả mong đợi.\r\n\r\nCấu hình ổn định trong tầm giá\r\nMáy sử dụng chip ARM Cortex A7 (MSM 8210) 4 nhân, tốc độ 1.2 GHz, RAM 1 GB và ROM 8 GB mang đến một hiệu năng mạnh mẽ.\r\n\r\nTuy nhiên, bộ nhớ trong chỉ 8 GB chưa thật sự gây ấn tượng. Bạn có thể sử dụng thẻ nhớ tối đa 32 GB để khắc phục nhược điểm này bằng cách sử dụng khe thẻ nhớ tích hợp trên máy.\r\n\r\n\r\nĐể giúp máy chạy tốt hơn bạn nên sử dụng thêm thẻ nhớ tối đa 32 GB\r\n\r\nTrải nghiệm ban đầu cho thấy, dù là xem phim HD hay chơi game 3D, hành động hay soạn thảo văn bản, mọi tác vụ đều có thể thực hiện nhanh chóng, mượt mà.\r\n\r\nMáy được hỗ trợ đàm thoại qua sóng 2G/ 3G đi kèm với khe sim tiện dụng và công nghệ lọc tiếng ồn hiệu quả.\r\n\r\nThiết kế với vỏ nhôm chắc chắn\r\nMặt lưng của máy được làm bằng nhôm giúp máy thêm phần cứng cáp, khi cầm khá mát tay.\r\n\r\nMặt lưng bằng nhôm tạo điểm nhấn khá đẹp mắt cho máy\r\n\r\nMặt lưng bằng nhôm tạo điểm nhấn khá đẹp mắt cho máy\r\n\r\nMáy khá mỏng với kích thước 7.9 mm\r\n\r\nMáy khá mỏng với kích thước 7.9 mm\r\n\r\nCác tiện ích của máy\r\nMáy có 1 khe cắm sim và 1 khe cắm thẻ nhớ riêng biệt\r\n\r\nMáy có 1 khe cắm sim và 1 khe cắm thẻ nhớ riêng biệt\r\n\r\nCamera 5 MP\r\nCamera chính 5 MP giúp người dùng có thể bắt kịp những khoảnh khắc trong cuộc sống với chế độ tự động lấy nét, chụp HDR. Camera trước chỉ 0.3 MP không gây ấn tượng mạnh.\r\n\r\nCamera chính với độ phân giải 5 MP và phụ là 0.3 MP\r\n\r\nCamera chính với độ phân giải 5 MP và phụ là 0.3 MP\r\n\r\n- Bạn tải các ứng dụng chụp ảnh vui nhộn, làm đẹp miễn phí tại đây.\r\n\r\n- Bạn tải các ứng dụng mạng xã hội miễn phí tại đây.\r\n\r\nBạn có thể làm việc liên tục được khoảng 4 đến 5 tiếng với dung lượng pin 4800 mAh\r\n\r\nBạn có thể làm việc liên tục được khoảng 4 đến 5 tiếng với dung lượng pin 4800 mAh\r\n\r\nThời lượng pin cao\r\nDung lượng pin của MediaPad T1 8 lên đến 4800 mAh đem đến cho bạn cả 16 giờ dùng khi duyệt web, 36 giờ đàm thoại 3G và thời gian chờ lên đến 20 ngày.\r\n\r\nHuawei MediaPad T1 8.0 mang đến một tablet màn hình rộng để bạn giải trí thích hơn, cấu hình khá ổn trong tầm giá để bạn ưu tiên lựa chọn.'),
(2, 33, 'Mobell Tab 8s', 2490000, 'Mobell', 'IPS LCD, 8"', 'Android 6.0 (Marshmallow)', '8 MP', '2 MP', 'MediaTek MT 8321 4 nhân, 1.3 GHz', 1, 8, 'Mặt lưng nhôm', 0, 0, 'mobell-tab-8s.jpg', 2, 'Đặc điểm nổi bật của Mobell Tab 8s\r\n\r\nTìm hiểu thêm\r\nTìm hiểu thêm\r\nBộ sản phẩm chuẩn: Adapter, Sách hướng dẫn, Cáp Micro USB, Cáp OTG, Cây lấy sim, Hộp máy\r\n\r\nMobell Tab 8s là một sản phẩm trong phân khúc phổ thông của Mobell nhằm đáp ứng nhu cầu lướt web, cập nhật tin tức, soạn văn bản cũng như làm việc qua email và xem video giải trí.\r\nPin cao hơn\r\nSo với Tab 8, thì sản phẩm này được hỗ trợ mức pin cao hơn với 4500 mAh đảm bảo sử dụng hai sim hay lướt web bằng Wifi trên màn hình 8 inch được thường xuyên và liên tục.\r\n\r\nMobell Tab 8s – Đẹp, vừa chi tiêu\r\n\r\nMức pin tốt trong mức giá\r\n\r\nLướt web, giải trí\r\nMobell trang bị cho máy màn hình IPS LCD kích thước 8 inch, là không gian rất rộng để bạn có thể thao tác tốt cũng như xem được đã mắt.\r\n\r\nNgoài ra thiết bị có camera 8 MP ở phía sau và camera 2 MP ở phía trước, mọi sự việc, con người bạn gặp sẽ có thể dễ dàng lưu trong máy.\r\n\r\nMobell Tab 8s – Đẹp, vừa chi tiêu\r\n\r\nMàn hình rộng nhìn đã mắt\r\n\r\nHiệu năng\r\nMobell Tab 8s sử dụng chip xử lý MT 8321 với 4 nhân của MediaTek, máy có 1 GB RAM và 8 GB bộ nhớ trong, cùng với khe cắm thẻ nhớ ngoài.\r\n\r\nSản phẩm có hệ điều hành Android 5.1 Lollipop thích hợp trải nghiệm lướt web, xem video, cập nhật mạng xã hội và giải trí nhẹ nhàng.\r\n\r\nMobell Tab 8s – Đẹp, vừa chi tiêu\r\n\r\nCấu hình không cao nhưng đảm bảo nhu cầu phổ thông hàng ngày\r\n\r\nBên trong máy hỗ trợ đến hai khe cắm sim cho phép hoạt động linh hoạt, song song, các tính năng nhắn tin, gọi điện tương tự như trên điện thoại.\r\n\r\nThiết kế\r\nMobell Tab 8s  được thiết kế gọn gàng, đẹp mắt, thân máy mạnh mẽ với các đường nét vuông vắn. Kích thước mỏng cùng trọng lượng nhẹ nên việc cầm sử dụng lâu sẽ không quá khó khăn.'),
(2, 34, 'Lenovo Tab 3 Essential', 2190000, 'Lenovo', 'IPS LCD, 7"', 'Android 5.1', '2 MP', '0.2 MP', 'CPU 4 nhân, 1.3 GHz', 1, 16, 'Nhựa', 300, 3450, 'lenovo-tab-3-essential-16gb.jpg', 1, 'Đặc điểm nổi bật của Lenovo Tab 3 Essential 16GB\r\n\r\nBộ sản phẩm chuẩn: Adapter, Sách hướng dẫn, Cáp Micro USB, Hộp máy\r\n\r\nLenovo Tab 3 Essential sở hữu cho mình mức giá bán phải chăng nhưng vẫn đáp ứng tốt cho người dùng các nhu cầu cơ bản sẽ là sự lựa chọn hàng đầu cho người dùng là học sinh sinh viên.\r\nThiết kế đơn giản\r\nLenovo Tab 3 Essential sở hữu thiết kế khá đơn giản với chất liệu nhựa cùng mặt lưng bo cong về 2 cạnh bên giúp máy dễ dàng cầm nắm và sử dụng.\r\n\r\nThiết kế quen thuộc\r\n\r\nThiết kế quen thuộc\r\n\r\nNhờ mặt lưng được thiết kế sần, thiết bị có thể hạn chế tối đa tình trạng trầy xước hay bám dấu vân tay thường thấy. Điểm trừ trong thiết kế của máy chính là viền màn hình trên dưới còn khá dày.\r\n\r\nMặt lưng được làm với chất liệu nhám giúp bám tay khi sử dụng\r\n\r\nMặt lưng được làm với chất liệu nhám giúp bám tay khi sử dụng\r\n\r\nVới kích thước màn hình 7 inch, máy cho cảm giác vừa tay khi cầm, dễ sử dụng một tay trong thời gian dài mà không bị mỏi.\r\n\r\nHiệu năng đủ dùng\r\nLenovo Tab 3 Essential được trang bị con chip 4 nhân xung nhịp 1.3 GHz, chip đồ họa Mali-400MP giúp máy hoạt động khá ổn định.\r\n\r\nMượt mà với các tựa game nhẹ\r\n\r\nMượt mà với các tựa game nhẹ\r\n\r\nBạn có thể chơi được một số tựa game nhẹ đến trung bình với Lenovo Tab 3 Essential, khi sử dụng nhiều tác vụ cùng lúc thì máy sẽ hơi giật lag.\r\n\r\nBộ nhớ lưu trữ thoải mái\r\n\r\nBộ nhớ lưu trữ thoải mái\r\n\r\nMáy sở hữu bộ nhớ trong dung lượng 16 GB cùng khe cắm thẻ nhớ mở rộng tối đa lên tới 32 GB cho bạn thoải mái lưu trữ dữ liệu cá nhân.\r\n\r\nCamera tiện lợi\r\nLenovo Tab 3 Essential được trang bị camera chính có độ phân giải 2 MP hỗ trợ lấy nét tự động cùng camera selfie độ phân giải 0.3 MP giúp bạn có thể thực hiện những cuộc gọi video vui vẻ với bạn bè và người thân.\r\n\r\nCamera đủ đáp ứng cho người dùng các nhu cầu cơ bản\r\n\r\nCamera đủ đáp ứng cho người dùng các nhu cầu cơ bản\r\n\r\nTích hợp sim tiện dụng\r\nBạn có thể sử dụng Lenovo Tab 3 Essential như một chiếc smartphone thực thụ với khe micro sim được tích hợp sẵn.\r\n\r\nTích hợp sim, sử dụng dễ dàng\r\n\r\nTích hợp sim, sử dụng dễ dàng\r\n\r\nNgoài ra Lenovo Tab 3 Essential còn được tích hợp công nghệ âm thanh Dolby Audio™ giúp bạn có trải nghiệm âm thanh sống động và chất lượng hơn.\r\n\r\nÂm thanh sống động, chân thực\r\n\r\nÂm thanh sống động, chân thực\r\n\r\nVới một mức giá bình dân nhưng những gì mà Lenovo Tab 3 Essential mang lại cho người dùng thì thực sự đây là một tablet đáng để sở hữu.'),
(1, 35, 'Huawei Nova 3e', 6990000, 'Huawei', 'IPS LCD, 5.84", Full HD+', 'Android 8.0 (Oreo)', '16 MP và 2 MP (2 camera)', '16 MP', 'HiSilicon Kirin 659 8 nhân', 4, 64, 'Khung kim loại + mặt kính cường lực', 145, 3000, 'huaweinova3e.jpg', 3, 'Đặc điểm nổi bật của Huawei Nova 3e\r\n\r\nTìm hiểu thêm\r\nBộ sản phẩm chuẩn: Hộp, Sạc, Tai nghe, Sách hướng dẫn, Cây lấy sim, Ốp lưng, Cáp\r\n\r\nHuawei Nova 3e là phiên bản kế nhiệm hoàn hảo của chiếc Nova 2i vốn đã đạt được nhiều thành công tại thị trường Việt Nam với màn hình tràn viền "tai thỏ" mới và nhiều tính năng cao cấp.\r\nThiết kế "tai thỏ"\r\nHuawei Nova 3e sở hữu thiết kế thời thượng nhất hiện nay với phần viền màn hình được làm cực mỏng đến cả cạnh trên của máy, tạo nên hình dáng "tai thỏ" tương tự như iPhone X, rất đẹp và độc đáo.\r\n\r\nhuawei nova 3e\r\n\r\nThiết kế độc đáo\r\n\r\nMặt trước và sau của máy đều được phủ kính hoàn toàn cho vẻ đẹp bóng bẩy, viền máy kim loại chắc chắn và sang trọng hơn. Bên cạnh đó cảm biến vân tay đặt ở mặt lưng tương tự đàn anh Nova 2i.\r\n\r\nhuawei nova 3e\r\n\r\nChất liệu kính bóng bẩy\r\n\r\nMàn hình tuyệt đẹp của Huawei Nova 3e sở hữu độ phân giải Full HD+ với kích thước 5.84 inch cùng tỉ lệ 19:9, Huawei gọi nó là FullView 2.0. Huawei cũng hỗ trợ chế độ ẩn "tai thỏ" cho giống các smartphone hiện nay.\r\n\r\nNova 3e\r\n\r\n \r\n\r\nHiệu năng khá\r\nCung cấp sức mạnh là bộ xử lý Kirin 659 8 nhân, chip đồ họa Mali T830, kết hợp RAM 4 GB + 64 GB ROM ( hỗ trợ khe cắm thẻ nhớ microSD 256 GB).\r\n\r\nhuawei nova 3e\r\n\r\nCông nghệ sạc nhanh ấn tượng\r\n\r\nMáy cũng sẽ chạy giao diện EMUI 8 trên nền tảng Android 8.0, viên pin 3.000 mAh sạc nhanh với công suất đầu vào 18W cho thời gian sạc trong 60 phút đầy 80% pin, cổng kết nối USB Type C hiện đại nhiều tính năng.\r\n\r\nCamera chất lượng tốt\r\nCamera kép sau của Huawei Nova 3e được trang bị cảm biến 16 MP kết hợp với 2 MP hỗ trợ xóa phông ảo diệu. Công nghệ cảm biến ánh sáng 4 trong 1 Fusion Pixel sẽ giúp máy thu sáng tốt hơn cũng như cho những bức ảnh rõ nét và chính xác hơn.\r\n\r\nhuawei nova 3e\r\n\r\nNgoài ra máy còn sử dụng camera selfie 16 MP hỗ trợ chụp chân dung. Huawei cũng tích hợp chế độ chụp ảnh AR Sticker tương tự đàn anh Nova 2i.\r\n\r\nMở khóa khuôn mặt\r\nBạn vẫn sẽ có tính năng mở khóa bằng khuôn mặt và có thể nhận diện đến 96 khuôn mặt khác nhau.\r\n\r\nNếu không thích mở khóa bằng khuôn mặt bạn có thể mở khóa bằng cảm biến vân tay tích hợp ở mặt sau.'),
(1, 36, 'Nokia 6 new', 5990000, 'Nokia', 'IPS LCD, 5.5", Full HD', 'Android 8.0 (Oreo)', '16 MP', '8 MP', 'Qualcomm Snapdragon 630 8 nhân', 3, 32, 'Kim loại', 172, 3000, 'nokia-6-2018.jpg', 4, 'Sau nhiều rò rỉ thì cuối cùng chiếc Nokia 6 phiên bản 2018 cũng đã chính thức ra mắt với một thiết kế sang trọng nhưng vẫn có gì đó đáng tiếc cho một chiếc smartphone ra mắt vào năm 2018.\r\nHộp điện thoại Nokia 6 (2018)\r\n\r\nHộp bên ngoài của Nokia 6 (2018)\r\n\r\nThiết kế truyền thống\r\nMáy vẫn giữ thiết kế truyền thống với chất liệu kim loại cứng cáp và đẹp mắt.\r\n\r\nThiết kế Nokia 6 (2018)\r\n\r\nThiết kế của Nokia 6 (2018) chắc chắn và cứng cáp\r\n\r\nDù là chiếc smartphone của năm 2018 nhưng khá đáng tiếc là máy vẫn chỉ sử dụng màn hình tỉ lệ 16:9 chứ không phải 18:9 như những chiếc smartphone ra mắt thời gian gần đây.\r\n\r\nMặc dù vậy nhưng viền 2 bên của máy cũng đã được làm mỏng đi đáng kể nếu so với người tiền nhiệm.\r\n\r\nThiết kế Nokia 6 (2018)\r\n\r\nViền cạnh màn hình được thiết kế mỏng hơn\r\n\r\nKích thước 5.5 inch cùng độ phân giải Full HD giúp máy hiển thị khá sắc nét, góc nhìn rộng.\r\n\r\nMặt kính cũng máy được làm cong 2.5D đem lại cảm giác vuốt mượt mà từ cạnh màn hình.\r\n\r\nNokia 6 (2018)\r\n\r\nMàn hình rộng xem phim, chơi game thoải mái\r\n\r\nHiệu năng được cải thiện\r\nHiệu năng trên Nokia 6 đã được nâng cấp lên con chip Qualcomm Snapdragon 630 8 nhân kết hợp với 3 GB RAM và 32 GB bộ nhớ trong đảm bảo máy luôn sẵn sàng hoạt động mọi tác vụ.\r\n\r\nThiết kế Nokia 6 (2018)\r\n\r\nMáy khi khởi động lần đầu sẽ chạy Android 8.0\r\n\r\nNokia 6 2018 cũng hỗ trợ khe cắm thẻ nhớ mở rộng với dung lượng tối đa lên tới 128 GB cho bạn thoải mái lưu trữ dữ liệu cá nhân.\r\n\r\nMáy chạy trên phiên bản Android 8.0 khi xuất xưởng và chắc chắn cũng sẽ được update lên Android 9 về sau.\r\n\r\nCấu hình Nokia 6 (2018)\r\n\r\nThông số kĩ thuật bên ngoài hộp máy của Nokia 6 (2018)\r\n\r\nCamera chất lượng tốt\r\nNokia 6 2018 sở hữu cụm camera và đèn flash ở mặt lưng khá giống với chiếc Nokia 5 đã ra mắt trước đó. Camera chính độ phân giải lớn 16 MP với khả năng chụp ảnh tự động tốt giúp bạn lưu giữ mọi khoảnh khắc đẹp trong cuộc sống.\r\n\r\nCamera Nokia 6 (2018)\r\n\r\nCụm camera và đèn flash khá tương tự với người anh em trước đó, vân tay tích hợp ở mặt sau\r\n\r\nCamera selfie độ phân giải 8 MP giúp bạn có thể thực hiện các cuộc gọi video vui vẻ với bạn bè.\r\n\r\nMáy cũng hỗ trợ tính năng chụp ảnh với 2 camera cùng lúc vốn được rất nhiều người yêu thích trên Nokia 8.\r\n\r\nGiao diện chụp 2 camera cùng 1 lúc Nokia 6 (2018)\r\n\r\nKhả năng chụp hai camera cùng 1 lúc\r\n\r\nPin khá\r\nViên pin của máy có dung lượng 3000 mAh đảm bảo cho bạn có thể sử dụng trong khoảng 1 ngày.\r\n\r\nNgoài ra cảm biến vân tay trên Nokia 6 2018 cũng đã được di chuyển ra mặt lưng và vẫn cho tốc độ nhận diện nhanh chóng.\r\n\r\nUSB Type-C của Nokia 6 (2018)\r\n\r\nNgoài ra, điện thoại Nokia 6 (2018) cũng được thay thế cổng MicroUSB bằng USB Type-C'),
(1, 37, 'OPPO A71 32GB (2018)', 4190000, 'Oppo', 'IPS LCD, 5.2", HD', 'Android 7.1 (Nougat)', '13 MP', '5 MP', 'Qualcomm Snapdragon 450', 3, 32, 'Nhựa', 137, 3000, 'oppo-a71-32gb.jpg', 2, 'Phiên bản OPPO A71 (2018) bản 32 GB ra mắt với vi xử lý Snapdragon 450 mạnh mẽ hơn, chụp ảnh selfie làm đẹp bằng AI thông minh và giá rẻ hơn, đổi lại bộ nhớ RAM giảm xuống còn 2 GB.\r\nThiết kế liền mạch thời trang\r\nOPPO A71 32 GB (2018) có thiết kế hoàn toàn tương tự thế hệ trước với vỏ nhựa nguyên khối liền mạch, thiết kế thời trang, đẹp mắt thừa hưởng "chất OPPO" hấp dẫn và độc đáo. Mặt trước kính cong 2.5D thời thượng.\r\n\r\nĐiện thoại OPPO A71 (2018)\r\n\r\nMáy sử dụng chất liệu nhựa nhưng hoàn thiện chất lượng nên vừa tạo cảm giác chắc chắn, vừa làm máy nhẹ nhàng.\r\n\r\nCamera làm đẹp AI \r\nTương tự như chuyên gia selfie OPPO F5, chiếc OPPO A71 32 GB (2018) cũng tích hợp công nghệ AI trí tuệ nhân tạo vào camera để tăng khả năng làm đẹp khuôn mặt, chân thực và phù hợp với từng người, khuôn mặt khác nhau.\r\n\r\nĐiện thoại OPPO A71 (2018)\r\n\r\nChế độ xóa phông ảo diệu\r\nCamera sau 13MP, trước 5 MP chụp ảnh sắc nét, chất lượng ở mức khá tốt với nhiều chế độ chụp dễ dàng. Bên cạnh đó, chế độ xóa phông như máy ảnh chuyên nghiệp đang rất được ưa thích hiện nay cũng được nhiều người ưa thích.\r\n\r\nĐiện thoại OPPO A71 (2018)\r\n\r\nNâng cấp hiệu năng, giảm đa nhiệm\r\nVới giá bán rẻ hơn khá nhiều, OPPO A71 32 GB (2018) được nâng cấp về hiệu năng với dòng chip xử lý Snapdragon 450 mới nhất trong phân khúc phổ thông của Qualcomm, mạnh hơn so với Mediatek ở thế hệ trước.\r\n\r\nRAM 3 GB cũng giúp máy có khả năng đa nhiệm tốt hơn.\r\n\r\nĐiện thoại OPPO A71 (2018)\r\n\r\nMàn hình IPS\r\nOPPO A71 32 GB (2018) có màn hình kích thước 5.2 inch nhỏ gọn cho kích thước máy vừa vặn trong lòng bàn tay mà trải nghiệm sử dụng màn hình vẫn đủ tốt. Công nghệ IPS cho màn hình màu sắc đẹp, độ phân giải HD khá sắc nét.\r\n\r\nĐiện thoại OPPO A71 (2018)\r\n\r\nPin dung lượng lớn\r\nDung lượng pin 3000 mAH lớn so với các smartphone cùng phân khúc đảm bảo thời gian sử dụng khá tốt cho đa số nhu cầu cùng các chế độ tối ưu pin.'),
(1, 38, 'Huawei Y7 Pro', 3990000, 'Huawei', 'IPS LCD, 5.99", HD+', 'Android 8.0 (Oreo)', '13 MP và 2 MP (2 camera)', '8 MP', 'Qualcomm Snapdragon 430 8 nhân 64 bit', 3, 32, 'Nhựa', 155, 3000, 'huawei-y7-pro-2018.jpg', 3, 'Đặc điểm nổi bật của Huawei Y7 Pro (2018)\r\n\r\nTìm hiểu thêm\r\nTìm hiểu thêm\r\nTìm hiểu thêm\r\nBộ sản phẩm chuẩn: Hộp, Sạc, Cáp, Cây lấy sim, Tai nghe\r\n\r\nHuawei Y7 Pro (2018) là chiếc smartphone tầm trung với đầy đủ những trang bị của một chiếc smartphone theo xu thế của năm 2018.\r\nThiết kế đẹp mắt\r\nHuawei Y7 Pro 2018 trông khá quen thuộc với chất liệu vỏ nhựa cùng logo Huawei ở phần dưới mặt lưng.\r\n\r\nHuawei Y7 Pro (2018) gần gũi, quen thuộc\r\n\r\nHuawei Y7 Pro (2018) gần gũi, quen thuộc\r\n\r\nViền máy được phủ bóng tăng vẻ sang trọng cho người sử dụng.\r\n\r\nCạnh viền sáng bóng\r\n\r\nCạnh viền sáng bóng\r\n\r\nMáy có cảm giác cầm nắm và vuốt khá tốt, cho người dùng có trải nghiệm hoàn hảo hơn.\r\n\r\nMàn hình hiển thị tốt\r\nMàn hình 5.99 inch tỉ lệ 18:9 với độ phân giải HD+ cho người dùng có thể trải nghiệm xem phim, giải trí tốt khi màn hình có thể show ra nhiều thông tin hơn.\r\n\r\nMàn hình lớn, chất lượng tốt\r\n\r\nMàn hình lớn, chất lượng tốt\r\n\r\nChất lượng hình ảnh cho ra khá sắc nét, màu sắc cùng độ tương phản hài hòa.\r\n\r\nHiệu năng ổn định\r\nVới chip Snapdragon 430, RAM 3 GB cùng 32 GB bộ nhớ trong thì máy rất thích hợp để xem phim hoặc giải trí nhẹ.\r\n\r\nHiệu năng không phải là thế mạnh của máy\r\n\r\nHiệu năng không phải là thế mạnh của máy\r\n\r\nĐối với các tựa game đồ họa cao hoặc nặng thì tình trạng giật lag là không thể tránh khỏi, bạn nên chỉnh cấu hình game ở mức tương đối để có trải nghiệm tốt nhất.\r\n\r\nAndroid 8 mượt mà\r\n\r\nAndroid 8 mượt mà\r\n\r\nMáy sở hữu giao diện Emui trên nền tảng Android 8.0 Oreo khá đẹp và thân thiện với đa số người dùng phổ thông.\r\n\r\nCamera khá\r\nMáy được trang bị camera kép 13 MP + 2 MP với mục đích chụp ảnh chân dung nhưng phần mềm xóa phông của máy chưa thực sự tốt.\r\n\r\nCũng là camera kép nhưng máy chưa thực sự tốt về thuật toán\r\n\r\nCũng là camera kép nhưng máy chưa thực sự tốt về thuật toán\r\n\r\nVới điều kiện đủ sáng, camera cho hình ở mức khá, chi tiết tốt, nhưng màu sắc không quá trung thực giúp bạn có thể chia sẻ lên Facebook ngay sau khi chụp.\r\n\r\nẢnh chụp đủ sáng có chi tiết lên khá tốt\r\n\r\nẢnh chụp đủ sáng có chi tiết lên khá tốt\r\n\r\nVới điều kiện thiếu sáng hoặc ban đêm, máy vẫn thực hiện khá tốt cho chất lượng hình ổn.\r\n\r\nẢnh selfie cũng được làm đẹp khá tự nhiên\r\n\r\nẢnh selfie cũng được làm đẹp khá tự nhiên\r\n\r\nCamera selfie với 8 MP hình cho chất lượng tốt, màu khá ổn so với các điện thoại trong tầm giá.\r\n\r\nMở khóa khuôn mặt\r\nHuawei Y7 Pro (2018) cũng sở hữu cho mình khả năng mở khóa bằng khuôn mặt đang rất được yêu thích trong năm 2018.\r\n\r\nMáy mở khóa khá nhanh\r\n\r\nMáy mở khóa khá nhanh\r\n\r\nMáy nhận diện khuôn mặt có độ phản hồi nhanh và quá trình cài đặt khá dễ dàng.\r\n\r\nTuy nhiên khi đeo khẩu trang hay mắt kính thì máy sẽ khó để nhận diện vì không được tích hợp AI để học hỏi thói quen người dùng.\r\n\r\nPin thoải mái sử dụng\r\nVới viên pin 3.000 mAh, Huawei Y7 Pro 2018 dư sức thỏa mãn người dùng thích chơi game hoặc làm việc liên tục trên điện thoại cũng như chụp hình thoải mái suốt ngày.\r\n\r\nHuawei Y7 Pro (2018) thoải mái cho bạn sử dụng cả ngày\r\n\r\nHuawei Y7 Pro (2018) thoải mái cho bạn sử dụng cả ngày\r\n\r\nNgoài ra máy cũng sở hữu kết nối 4G tốc độ cao giúp bạn online mọi lúc mọi nơi.');

--
-- Indexes for dumped tables
--

--
-- Indexes for table `Account`
--
ALTER TABLE `Account`
  ADD PRIMARY KEY (`idAcount`);

--
-- Indexes for table `Loai`
--
ALTER TABLE `Loai`
  ADD PRIMARY KEY (`MaLoai`);

--
-- Indexes for table `QuangCao`
--
ALTER TABLE `QuangCao`
  ADD PRIMARY KEY (`IDQC`);

--
-- Indexes for table `SanPham`
--
ALTER TABLE `SanPham`
  ADD PRIMARY KEY (`MaSP`);

--
-- AUTO_INCREMENT for dumped tables
--

--
-- AUTO_INCREMENT for table `Account`
--
ALTER TABLE `Account`
  MODIFY `idAcount` int(11) NOT NULL AUTO_INCREMENT,AUTO_INCREMENT=4;
--
-- AUTO_INCREMENT for table `Loai`
--
ALTER TABLE `Loai`
  MODIFY `MaLoai` int(11) NOT NULL AUTO_INCREMENT,AUTO_INCREMENT=5;
--
-- AUTO_INCREMENT for table `QuangCao`
--
ALTER TABLE `QuangCao`
  MODIFY `IDQC` int(11) NOT NULL AUTO_INCREMENT,AUTO_INCREMENT=9;
--
-- AUTO_INCREMENT for table `SanPham`
--
ALTER TABLE `SanPham`
  MODIFY `MaSP` int(11) NOT NULL AUTO_INCREMENT,AUTO_INCREMENT=39;
/*!40101 SET CHARACTER_SET_CLIENT=@OLD_CHARACTER_SET_CLIENT */;
/*!40101 SET CHARACTER_SET_RESULTS=@OLD_CHARACTER_SET_RESULTS */;
/*!40101 SET COLLATION_CONNECTION=@OLD_COLLATION_CONNECTION */;
